Block Name,Blast Resistance,Hardness,Mining Tool,Can Suffocate,Obeys Gravity,Flammable,Catches Fire From Lava,Can Change Block State,Keywords
Mossy Cobblestone Stairs,6.0,2.0,Pickaxe,False,False,False,False,True,"solid, block, rock, mossy, cobblestone, gray, stairs"
Mossy Cobblestone Wall,6.0,2.0,Pickaxe,False,False,False,False,True,"solid, block, rock, mossy, cobblestone, wall, gray"
Stone,6.0,1.5,Pickaxe,True,False,False,False,False,"stone, solid, block, rock, gray"
Stone Slab,6.0,2.0,Pickaxe,True,False,False,False,True,"stone, slab, solid, block, rock, gray"
Stone Stairs,6.0,1.5,Pickaxe,False,False,False,False,True,"stone, solid, block, rock, gray, stairs"
Infested Stone,0.75,0.75,Pickaxe,True,False,False,False,False,"stone, solid, block, rock, infested, gray"
Smooth Stone,6.0,2.0,Pickaxe,True,False,False,False,False,"stone, solid, block, smooth, rock, gray"
Smooth Stone Slab,6.0,2.0,Pickaxe,True,False,False,False,True,"stone, slab, solid, block, smooth, rock, gray"
Stone Bricks,6.0,1.5,Pickaxe,True,False,False,False,False,"stone, solid, block, rock, bricks, gray"
Stone Brick Slab,6.0,2.0,Pickaxe,True,False,False,False,True,"stone, slab, brick, solid, block, rock, gray"
Stone Brick Stairs,6.0,1.5,Pickaxe,False,False,False,False,True,"stone, brick, solid, block, rock, gray, stairs"
Stone Brick Wall,6.0,1.5,Pickaxe,False,False,False,False,True,"stone, brick, solid, block, rock, wall, gray"
Infested Stone Bricks,0.75,0.75,Pickaxe,True,False,False,False,False,"stone, solid, block, rock, infested, bricks, gray"
Cracked Stone Bricks,6.0,1.5,Pickaxe,True,False,False,False,False,"stone, solid, block, cracked, rock, bricks, gray"
Infested Cracked Stone Bricks,0.75,0.75,Pickaxe,True,False,False,False,False,"stone, solid, block, cracked, rock, infested, bricks, gray"
Chiseled Stone Bricks,6.0,1.5,Pickaxe,True,False,False,False,False,"stone, chiseled, solid, block, rock, bricks, gray"
Infested Chiseled Stone Bricks,0.75,0.75,Pickaxe,True,False,False,False,False,"stone, chiseled, solid, block, rock, infested, bricks, gray"
Mossy Stone Bricks,6.0,1.5,Pickaxe,True,False,False,False,False,"stone, solid, block, rock, mossy, bricks, gray"
Mossy Stone Brick Slab,6.0,1.5,Pickaxe,True,False,False,False,True,"stone, slab, brick, solid, block, rock, mossy, gray"
Mossy Stone Brick Stair,6.0,1.5,Pickaxe,False,False,False,False,True,"stone, brick, solid, block, rock, stair, mossy, gray"
Mossy Stone Brick Wall,6.0,1.5,Pickaxe,False,False,False,False,True,"stone, brick, solid, block, rock, mossy, wall, gray"
Infested Mossy Stone Bricks,0.75,0.75,Pickaxe,True,False,False,False,False,"stone, solid, block, rock, infested, mossy, bricks, gray"
Stone Pressure Plate,0.5,0.5,Pickaxe,False,False,False,False,True,"stone, pressure, solid, block, rock, plate, gray"
Stone Button,0.5,0.5,Pickaxe,False,False,False,False,True,"stone, solid, block, rock, button, gray"
Deepslate,6.0,3.0,Pickaxe,True,False,False,False,True,deepslate
Infested Deepslate,0.75,1.5,Pickaxe,True,False,False,False,True,"deepslate, infested"
Cobbled Deepslate,6.0,3.5,Pickaxe,True,False,False,False,False,"deepslate, cobbled"
Cobbled Deepslate Slab,6.0,3.5,Pickaxe,True,False,False,False,True,"deepslate, slab, cobbled"
Cobbled Deepslate Stairs,6.0,3.5,Pickaxe,False,False,False,False,True,"deepslate, cobbled, stairs"
Cobbled Deepslate Wall,6.0,3.5,Pickaxe,False,False,False,False,True,"deepslate, wall, cobbled"
Polished Deepslate,6.0,3.5,Pickaxe,True,False,False,False,False,"polished, deepslate"
Polished Deepslate Slab,6.0,3.5,Pickaxe,True,False,False,False,True,"polished, slab, deepslate"
Polished Deepslate Stairs,6.0,3.5,Pickaxe,False,False,False,False,True,"polished, deepslate, stairs"
Polished Deepslate Wall,6.0,3.5,Pickaxe,False,False,False,False,True,"polished, wall, deepslate"
Deepslate Bricks,6.0,3.5,Pickaxe,True,False,False,False,False,"deepslate, bricks"
Deepslate Brick Slab,6.0,3.5,Pickaxe,True,False,False,False,True,"deepslate, slab, brick"
Deepslate Brick Stairs,6.0,3.5,Pickaxe,False,False,False,False,True,"deepslate, brick, stairs"
Deepslate Brick Wall,6.0,3.5,Pickaxe,False,False,False,False,True,"deepslate, wall, brick"
Cracked Deepslate Bricks,6.0,3.5,Pickaxe,True,False,False,False,False,"deepslate, bricks, cracked"
Deepslate Tiles,6.0,3.5,Pickaxe,True,False,False,False,False,"deepslate, tiles"
Deepslate Tile Slab,6.0,3.5,Pickaxe,True,False,False,False,True,"deepslate, slab, tile"
Deepslate Tile Stairs,6.0,3.5,Pickaxe,False,False,False,False,True,"deepslate, stairs, tile"
Deepslate Tile Wall,6.0,3.5,Pickaxe,False,False,False,False,True,"deepslate, wall, tile"
Cracked Deepslate Tiles,6.0,3.5,Pickaxe,True,False,False,False,False,"deepslate, cracked, tiles"
Chiseled Deepslate,6.0,3.5,Pickaxe,True,False,False,False,False,"deepslate, chiseled"
Reinforced Deepslate,1200.0,55.0,Pickaxe,True,False,False,False,False,"deepslate, reinforced"
Diorite,6.0,1.5,Pickaxe,True,False,False,False,False,diorite
Diorite Slab,6.0,1.5,Pickaxe,True,False,False,False,True,"slab, diorite"
Diorite Stairs,6.0,1.5,Pickaxe,False,False,False,False,True,"diorite, stairs"
Diorite Wall,6.0,1.5,Pickaxe,False,False,False,False,True,"wall, diorite"
Polished Diorite,6.0,1.5,Pickaxe,True,False,False,False,False,"polished, diorite"
Polished Diorite Slab,6.0,1.5,Pickaxe,True,False,False,False,True,"polished, slab, diorite"
Polished Diorite Stairs,6.0,1.5,Pickaxe,False,False,False,False,True,"polished, diorite, stairs"
Andesite,6.0,1.5,Pickaxe,True,False,False,False,False,andesite
Andesite Slab,6.0,1.5,Pickaxe,True,False,False,False,True,"slab, andesite"
Andesite Stairs,6.0,1.5,Pickaxe,False,False,False,False,True,"andesite, stairs"
Andesite Wall,6.0,1.5,Pickaxe,False,False,False,False,True,"wall, andesite"
Polished Andesite,6.0,1.5,Pickaxe,True,False,False,False,False,"polished, andesite"
Polished Andesite Slab,6.0,1.5,Pickaxe,True,False,False,False,True,"polished, slab, andesite"
Polished Andesite Stairs,6.0,1.5,Pickaxe,False,False,False,False,True,"polished, andesite, stairs"
Granite,6.0,1.5,Pickaxe,True,False,False,False,False,granite
Granite Slab,6.0,1.5,Pickaxe,True,False,False,False,True,"granite, slab"
Granite Stairs,6.0,1.5,Pickaxe,False,False,False,False,True,"granite, stairs"
Granite Wall,6.0,1.5,Pickaxe,False,False,False,False,True,"granite, wall"
Polished Granite,6.0,1.5,Pickaxe,True,False,False,False,False,"polished, granite"
Polished Granite Slab,6.0,1.5,Pickaxe,True,False,False,False,True,"polished, slab, granite"
Polished Granite Stairs,6.0,1.5,Pickaxe,False,False,False,False,True,"polished, granite, stairs"
Tuff,6.0,1.5,Pickaxe,True,False,False,False,False,tuff
Tuff Slab,6.0,1.5,Pickaxe,True,False,False,False,True,"slab, tuff"
Tuff Stairs,6.0,1.5,Pickaxe,False,False,False,False,True,"stairs, tuff"
Tuff Wall,6.0,1.5,Pickaxe,False,False,False,False,True,"wall, tuff"
Chiseled Tuff,6.0,1.5,Pickaxe,True,False,False,False,False,"chiseled, tuff"
Polished Tuff,6.0,1.5,Pickaxe,True,False,False,False,False,"polished, tuff"
Polished Tuff Slab,6.0,1.5,Pickaxe,True,False,False,False,True,"polished, slab, tuff"
Polished Tuff Stairs,6.0,1.5,Pickaxe,False,False,False,False,True,"polished, stairs, tuff"
Polished Tuff Wall,6.0,1.5,Pickaxe,False,False,False,False,True,"polished, wall, tuff"
Tuff Bricks,6.0,1.5,Pickaxe,True,False,False,False,False,"bricks, tuff"
Tuff Brick Slab,6.0,1.5,Pickaxe,True,False,False,False,True,"slab, brick, tuff"
Tuff Brick Stairs,6.0,1.5,Pickaxe,False,False,False,False,True,"stairs, brick, tuff"
Tuff Brick Wall,6.0,1.5,Pickaxe,False,False,False,False,True,"wall, brick, tuff"
Chiseled Tuff Bricks,6.0,1.5,Pickaxe,True,False,False,False,False,"chiseled, bricks, tuff"
Calcite,0.75,0.75,Pickaxe,True,False,False,False,False,calcite
Dripstone Block,1.0,1.5,Pickaxe,True,False,False,False,False,"solid, block, dripstone, rock, gray"
Pointed Dripstone,3.0,1.5,Pickaxe,False,True,False,False,True,"solid, block, dripstone, rock, pointed, gray"
Dirt,0.5,0.5,Shovel,True,False,False,False,False,dirt
Grass,0.6,0.6,Shovel,True,False,False,False,True,"grass, block, green, plant, natural"
Mycelium,0.6,0.6,Shovel,True,False,False,False,True,mycelium
Podzol,0.5,0.5,Shovel,True,False,False,False,True,podzol
Coarse Dirt,0.5,0.5,Shovel,True,False,False,False,False,"dirt, coarse"
Rooted Dirt,0.5,0.5,Shovel,True,False,False,False,False,"dirt, rooted"
Dirt Path,0.65,0.65,Shovel,True,False,False,False,False,"dirt, path"
Farmland,0.6,0.6,Shovel,True,False,False,False,True,farmland
Oak Log,2.0,2.0,Axe,True,False,True,True,True,"log, oak"
Oak Wood,2.0,2.0,Axe,True,False,True,True,True,"wood, block, brown, oak, wooden"
Stripped Oak Log,2.0,2.0,Axe,True,False,True,True,True,"stripped, log, oak"
Stripped Oak Wood,2.0,2.0,Axe,True,False,True,True,True,"stripped, wood, block, brown, oak, wooden"
Oak Planks,3.0,2.0,Axe,True,False,True,True,False,"oak, planks"
Oak Slab,3.0,2.0,Axe,True,False,True,True,True,"slab, oak"
Oak Stairs,3.0,2.0,Axe,False,False,True,True,True,"oak, stairs"
Oak Fence,3.0,2.0,Axe,False,False,True,True,True,"fence, oak"
Oak Fence Gate,3.0,2.0,Axe,False,False,True,True,True,"gate, fence, oak"
Oak Door,3.0,3.0,Axe,False,False,False,True,True,"door, oak"
Oak Trapdoor,3.0,3.0,Axe,False,False,False,True,True,"oak, trapdoor"
Oak Sign,1.0,1.0,Axe,False,False,False,True,True,"sign, oak"
Oak Wall Sign,1.0,1.0,Axe,False,False,False,True,True,"wall, sign, oak"
Oak Hanging Sign,1.0,1.0,Axe,False,False,False,True,True,"hanging, oak, sign"
Oak Wall Hanging Sign,1.0,1.0,Axe,False,False,False,True,True,"wall, hanging, oak, sign"
Oak Pressure Plate,0.5,0.5,Axe,False,False,False,True,True,"pressure, plate, oak"
Oak Button,0.5,0.5,Axe,False,False,False,False,True,"button, oak"
Birch Log,2.0,2.0,Axe,True,False,True,True,True,"log, birch"
Birch Wood,2.0,2.0,Axe,True,False,True,True,True,"birch, wood, block, brown, wooden"
Stripped Birch Log,2.0,2.0,Axe,True,False,True,True,True,"stripped, log, birch"
Stripped Birch Wood,2.0,2.0,Axe,True,False,True,True,True,"stripped, birch, wood, block, brown, wooden"
Birch Planks,3.0,2.0,Axe,True,False,True,True,False,"birch, planks"
Birch Slab,3.0,2.0,Axe,True,False,True,True,True,"slab, birch"
Birch Stairs,3.0,2.0,Axe,False,False,True,True,True,"birch, stairs"
Birch Fence,3.0,2.0,Axe,False,False,True,True,True,"birch, fence"
Birch Fence Gate,3.0,2.0,Axe,False,False,True,True,True,"gate, birch, fence"
Birch Door,3.0,3.0,Axe,False,False,False,True,True,"birch, door"
Birch Trapdoor,3.0,3.0,Axe,False,False,False,True,True,"birch, trapdoor"
Birch Sign,1.0,1.0,Axe,False,False,False,True,True,"sign, birch"
Birch Wall Sign,1.0,1.0,Axe,False,False,False,True,True,"wall, sign, birch"
Birch Hanging Sign,1.0,1.0,Axe,False,False,False,True,True,"hanging, birch, sign"
Birch Wall Hanging Sign,1.0,1.0,Axe,False,False,False,True,True,"wall, hanging, birch, sign"
Birch Pressure Plate,0.5,0.5,Axe,False,False,False,True,True,"pressure, plate, birch"
Birch Button,0.5,0.5,Axe,False,False,False,False,True,"birch, button"
Spruce Log,2.0,2.0,Axe,True,False,True,True,True,"spruce, log"
Spruce Wood,2.0,2.0,Axe,True,False,True,True,True,"wood, block, brown, wooden, spruce"
Stripped Spruce Log,2.0,2.0,Axe,True,False,True,True,True,"stripped, spruce, log"
Stripped Spruce Wood,2.0,2.0,Axe,True,False,True,True,True,"stripped, wood, block, brown, wooden, spruce"
Spruce Planks,3.0,2.0,Axe,True,False,True,True,False,"spruce, planks"
Spruce Slab,3.0,2.0,Axe,True,False,True,True,True,"slab, spruce"
Spruce Stairs,3.0,2.0,Axe,False,False,True,True,True,"spruce, stairs"
Spruce Fence,3.0,2.0,Axe,False,False,True,True,True,"spruce, fence"
Spruce Fence Gate,3.0,2.0,Axe,False,False,True,True,True,"spruce, fence, gate"
Spruce Door,3.0,3.0,Axe,False,False,False,True,True,"spruce, door"
Spruce Trapdoor,3.0,3.0,Axe,False,False,False,True,True,"spruce, trapdoor"
Spruce Sign,1.0,1.0,Axe,False,False,False,True,True,"sign, spruce"
Spruce Wall Sign,1.0,1.0,Axe,False,False,False,True,True,"wall, sign, spruce"
Spruce Hanging Sign,1.0,1.0,Axe,False,False,False,True,True,"hanging, spruce, sign"
Spruce Wall Hanging Sign,1.0,1.0,Axe,False,False,False,True,True,"wall, hanging, spruce, sign"
Spruce Pressure Plate,0.5,0.5,Axe,False,False,False,True,True,"pressure, spruce, plate"
Spruce Button,0.5,0.5,Axe,False,False,False,False,True,"spruce, button"
Jungle Log,2.0,2.0,Axe,True,False,True,True,True,"jungle, log"
Jungle Wood,2.0,2.0,Axe,True,False,True,True,True,"wood, block, brown, wooden, jungle"
Stripped Jungle Log,2.0,2.0,Axe,True,False,True,True,True,"stripped, log, jungle"
Stripped Jungle Wood,2.0,2.0,Axe,True,False,True,True,True,"stripped, wood, block, brown, wooden, jungle"
Jungle Planks,3.0,2.0,Axe,True,False,True,True,False,"jungle, planks"
Jungle Slab,3.0,2.0,Axe,True,False,True,True,True,"jungle, slab"
Jungle Stairs,3.0,2.0,Axe,False,False,True,True,True,"jungle, stairs"
Jungle Fence,3.0,2.0,Axe,False,False,True,True,True,"jungle, fence"
Jungle Fence Gate,3.0,2.0,Axe,False,False,True,True,True,"jungle, gate, fence"
Jungle Door,3.0,3.0,Axe,False,False,False,True,True,"jungle, door"
Jungle Trapdoor,3.0,3.0,Axe,False,False,False,True,True,"jungle, trapdoor"
Jungle Sign,1.0,1.0,Axe,False,False,False,True,True,"jungle, sign"
Jungle Wall Sign,1.0,1.0,Axe,False,False,False,True,True,"jungle, wall, sign"
Jungle Hanging Sign,1.0,1.0,Axe,False,False,False,True,True,"jungle, hanging, sign"
Jungle Wall Hanging Sign,1.0,1.0,Axe,False,False,False,True,True,"jungle, wall, hanging, sign"
Jungle Pressure Plate,0.5,0.5,Axe,False,False,False,True,True,"jungle, pressure, plate"
Jungle Button,0.5,0.5,Axe,False,False,False,False,True,"jungle, button"
Dark Oak Log,2.0,2.0,Axe,True,False,True,True,True,"log, oak, dark"
Dark Oak Wood,2.0,2.0,Axe,True,False,True,True,True,"wood, dark, block, brown, wooden, oak"
Stripped Dark Oak Log,2.0,2.0,Axe,True,False,True,True,True,"stripped, log, oak, dark"
Stripped Dark Oak Wood,2.0,2.0,Axe,True,False,True,True,True,"stripped, wood, dark, block, brown, oak, wooden"
Dark Oak Planks,3.0,2.0,Axe,True,False,True,True,False,"oak, planks, dark"
Dark Oak Slab,3.0,2.0,Axe,True,False,True,True,True,"slab, oak, dark"
Dark Oak Stairs,3.0,2.0,Axe,False,False,True,True,True,"stairs, oak, dark"
Dark Oak Fence,3.0,2.0,Axe,False,False,True,True,True,"fence, oak, dark"
Dark Oak Fence Gate,3.0,2.0,Axe,False,False,True,True,True,"gate, fence, oak, dark"
Dark Oak Door,3.0,3.0,Axe,False,False,False,True,True,"door, oak, dark"
Dark Oak Trapdoor,3.0,3.0,Axe,False,False,False,True,True,"oak, trapdoor, dark"
Dark Oak Sign,1.0,1.0,Axe,False,False,False,True,True,"sign, oak, dark"
Dark Oak Wall Sign,1.0,1.0,Axe,False,False,False,True,True,"wall, sign, oak, dark"
Dark Oak Hanging Sign,1.0,1.0,Axe,False,False,False,True,True,"hanging, oak, sign, dark"
Dark Oak Wall Hanging Sign,1.0,1.0,Axe,False,False,False,True,True,"hanging, dark, oak, sign, wall"
Dark Oak Pressure Plate,0.5,0.5,Axe,False,False,False,True,True,"pressure, plate, oak, dark"
Dark Oak Button,0.5,0.5,Axe,False,False,False,False,True,"button, oak, dark"
Acacia Log,2.0,2.0,Axe,True,False,True,True,True,"log, acacia"
Acacia Wood,2.0,2.0,Axe,True,False,True,True,True,"wood, block, brown, wooden, acacia"
Stripped Acacia Log,2.0,2.0,Axe,True,False,True,True,True,"stripped, log, acacia"
Stripped Acacia Wood,2.0,2.0,Axe,True,False,True,True,True,"stripped, wood, block, brown, wooden, acacia"
Acacia Planks,3.0,2.0,Axe,True,False,True,True,False,"planks, acacia"
Acacia Slab,3.0,2.0,Axe,True,False,True,True,True,"slab, acacia"
Acacia Stairs,3.0,2.0,Axe,False,False,True,True,True,"acacia, stairs"
Acacia Fence,3.0,2.0,Axe,False,False,True,True,True,"fence, acacia"
Acacia Fence Gate,3.0,2.0,Axe,False,False,True,True,True,"gate, fence, acacia"
Acacia Door,3.0,3.0,Axe,False,False,False,True,True,"door, acacia"
Acacia Trapdoor,3.0,3.0,Axe,False,False,False,True,True,"acacia, trapdoor"
Acacia Sign,1.0,1.0,Axe,False,False,False,True,True,"sign, acacia"
Acacia Wall Sign,1.0,1.0,Axe,False,False,False,True,True,"wall, sign, acacia"
Acacia Hanging Sign,1.0,1.0,Axe,False,False,False,True,True,"hanging, acacia, sign"
Acacia Wall Hanging Sign,1.0,1.0,Axe,False,False,False,True,True,"wall, hanging, acacia, sign"
Acacia Pressure Plate,0.5,0.5,Axe,False,False,False,True,True,"pressure, plate, acacia"
Acacia Button,0.5,0.5,Axe,False,False,False,False,True,"button, acacia"
Mangrove Log,2.0,2.0,Axe,True,False,True,True,True,"log, mangrove"
Mangrove Wood,2.0,2.0,Axe,True,False,True,True,True,"wood, block, brown, wooden, mangrove"
Stripped Mangrove Log,2.0,2.0,Axe,True,False,True,True,True,"stripped, log, mangrove"
Stripped Mangrove Wood,2.0,2.0,Axe,True,False,True,True,True,"stripped, wood, block, brown, wooden, mangrove"
Mangrove Planks,3.0,2.0,Axe,True,False,True,True,False,"planks, mangrove"
Mangrove Slab,3.0,2.0,Axe,True,False,True,True,True,"slab, mangrove"
Mangrove Stairs,3.0,2.0,Axe,False,False,True,True,True,"stairs, mangrove"
Mangrove Fence,3.0,2.0,Axe,False,False,True,True,True,"fence, mangrove"
Mangrove Gate,3.0,2.0,Axe,False,False,True,True,True,"gate, mangrove"
Mangrove Door,3.0,3.0,Axe,False,False,False,True,True,"door, mangrove"
Mangrove Trapdoor,3.0,3.0,Axe,False,False,False,True,True,"trapdoor, mangrove"
Mangrove Sign,1.0,1.0,Axe,False,False,False,True,True,"sign, mangrove"
Mangrove Wall Sign,1.0,1.0,Axe,False,False,False,True,True,"wall, sign, mangrove"
Mangrove Hanging Sign,1.0,1.0,Axe,False,False,False,True,True,"hanging, sign, mangrove"
Mangrove Wall Hanging Sign,1.0,1.0,Axe,False,False,False,True,True,"wall, hanging, sign, mangrove"
Mangrove Pressure Plate,0.5,0.5,Axe,False,False,False,True,True,"pressure, plate, mangrove"
Mangrove Button,0.5,0.5,Axe,False,False,False,False,True,"button, mangrove"
Cherry Log,2.0,2.0,Axe,True,False,True,True,True,"log, cherry"
Cherry Wood,2.0,2.0,Axe,True,False,True,True,True,"wood, block, brown, wooden, cherry"
Stripped Cherry Log,2.0,2.0,Axe,True,False,True,True,True,"stripped, log, cherry"
Stripped Cherry Wood,2.0,2.0,Axe,True,False,True,True,True,"stripped, wood, block, brown, wooden, cherry"
Cherry Planks,3.0,2.0,Axe,True,False,True,True,False,"planks, cherry"
Cherry Slab,3.0,2.0,Axe,True,False,True,True,True,"slab, cherry"
Cherry Stairs,3.0,2.0,Axe,False,False,True,True,True,"stairs, cherry"
Cherry Fence,3.0,2.0,Axe,False,False,True,True,True,"fence, cherry"
Cherry Fence Gate,3.0,2.0,Axe,False,False,True,True,True,"gate, fence, cherry"
Cherry Door,3.0,3.0,Axe,False,False,False,True,True,"door, cherry"
Cherry Trapdoor,3.0,3.0,Axe,False,False,False,True,True,"trapdoor, cherry"
Cherry Sign,1.0,1.0,Axe,False,False,False,True,True,"sign, cherry"
Cherry Wall Sign,1.0,1.0,Axe,False,False,False,True,True,"wall, sign, cherry"
Cherry Hanging Sign,1.0,1.0,Axe,False,False,False,True,True,"hanging, sign, cherry"
Cherry Wall Hanging Sign,1.0,1.0,Axe,False,False,False,True,True,"wall, hanging, sign, cherry"
Cherry Pressure Plate,0.5,0.5,Axe,False,False,False,True,True,"pressure, plate, cherry"
Cherry Button,0.5,0.5,Axe,False,False,False,False,True,"button, cherry"
Block Of Bamboo,2.0,2.0,Axe,True,False,True,True,True,"block, bamboo, of"
Block Of Stripped Bamboo,2.0,2.0,Axe,True,False,True,True,True,"stripped, block, bamboo, of"
Bamboo Planks,3.0,2.0,Axe,True,False,True,True,False,"bamboo, planks"
Bamboo Slab,3.0,2.0,Axe,True,False,True,True,True,"bamboo, slab"
Bamboo Stairs,3.0,2.0,Axe,False,False,True,True,True,"bamboo, stairs"
Bamboo Fence,3.0,2.0,Axe,False,False,True,True,True,"bamboo, fence"
Bamboo Fence Gate,3.0,2.0,Axe,False,False,True,True,True,"bamboo, gate, fence"
Bamboo Door,3.0,3.0,Axe,False,False,False,True,True,"bamboo, door"
Bamboo Trapdoor,3.0,3.0,Axe,False,False,False,True,True,"bamboo, trapdoor"
Bamboo Sign,1.0,1.0,Axe,False,False,False,True,True,"bamboo, sign"
Bamboo Wall Sign,1.0,1.0,Axe,False,False,False,True,True,"wall, bamboo, sign"
Bamboo Hanging Sign,1.0,1.0,Axe,False,False,False,True,True,"bamboo, hanging, sign"
Bamboo Wall Hanging Sign,1.0,1.0,Axe,False,False,False,True,True,"wall, bamboo, hanging, sign"
Bamboo Pressure Plate,0.5,0.5,Axe,False,False,False,True,True,"bamboo, pressure, plate"
Bamboo Button,0.5,0.5,Axe,False,False,False,False,True,"bamboo, button"
Bamboo Mosaic,3.0,2.0,Axe,True,False,True,True,False,"bamboo, mosaic"
Bamboo Mosaic Slab,3.0,2.0,Axe,True,False,True,True,True,"bamboo, slab, mosaic"
Bamboo Mosaic Stairs,3.0,2.0,Axe,False,False,True,True,True,"bamboo, mosaic, stairs"
Warped Stem,2.0,2.0,Axe,True,False,False,False,True,"stem, warped"
Warped Hyphae,2.0,2.0,Axe,True,False,False,False,True,"hyphae, warped"
Stripped Warped Stem,2.0,2.0,Axe,True,False,False,False,True,"stripped, stem, warped"
Stripped Warped Hyphae,2.0,2.0,Axe,True,False,False,False,True,"stripped, hyphae, warped"
Warped Planks,3.0,2.0,Axe,True,False,False,False,False,"planks, warped"
Warped Slab,3.0,2.0,Axe,True,False,False,False,True,"slab, warped"
Warped Stairs,3.0,2.0,Axe,False,False,False,False,True,"stairs, warped"
Warped Fence,3.0,2.0,Axe,False,False,False,False,True,"fence, warped"
Warped Fence Gate,3.0,2.0,Axe,False,False,False,False,True,"gate, fence, warped"
Warped Door,3.0,3.0,Axe,False,False,False,False,True,"door, warped"
Warped Trapdoor,3.0,3.0,Axe,False,False,False,False,True,"trapdoor, warped"
Warped Sign,1.0,1.0,Axe,False,False,False,False,True,"sign, warped"
Warped Wall Sign,1.0,1.0,Axe,False,False,False,False,True,"wall, sign, warped"
Warped Hanging Sign,1.0,1.0,Axe,False,False,False,False,True,"hanging, sign, warped"
Warped Wall Hanging Sign,1.0,1.0,Axe,False,False,False,False,True,"wall, hanging, sign, warped"
Warped Pressure Plate,0.5,0.5,Axe,False,False,False,False,True,"pressure, plate, warped"
Warped Button,0.5,0.5,Axe,False,False,False,False,True,"button, warped"
Crimson Stem,2.0,2.0,Axe,True,False,False,False,True,"stem, crimson"
Crimson Hyphae,2.0,2.0,Axe,True,False,False,False,True,"hyphae, crimson"
Stripped Crimson Stem,2.0,2.0,Axe,True,False,False,False,True,"stripped, stem, crimson"
Stripped Crimson Hyphae,2.0,2.0,Axe,True,False,False,False,True,"stripped, hyphae, crimson"
Crimson Planks,3.0,2.0,Axe,True,False,False,False,False,"crimson, planks"
Crimson Slab,3.0,2.0,Axe,True,False,False,False,True,"slab, crimson"
Crimson Stairs,3.0,2.0,Axe,False,False,False,False,True,"crimson, stairs"
Crimson Fence,3.0,2.0,Axe,False,False,False,False,True,"fence, crimson"
Crimson Fence Gate,3.0,2.0,Axe,False,False,False,False,True,"gate, fence, crimson"
Crimson Door,3.0,3.0,Axe,False,False,False,False,True,"door, crimson"
Crimson Trapdoor,3.0,3.0,Axe,False,False,False,False,True,"crimson, trapdoor"
Crimson Sign,1.0,1.0,Axe,False,False,False,False,True,"sign, crimson"
Crimson Wall Sign,1.0,1.0,Axe,False,False,False,False,True,"wall, sign, crimson"
Crimson Hanging Sign,1.0,1.0,Axe,False,False,False,False,True,"hanging, crimson, sign"
Crimson Wall Hanging Sign,1.0,1.0,Axe,False,False,False,False,True,"wall, hanging, crimson, sign"
Crimson Pressure Plate,0.5,0.5,Axe,False,False,False,False,True,"pressure, plate, crimson"
Crimson Button,0.5,0.5,Axe,False,False,False,False,True,"button, crimson"
Petrified Oak Slab,6.0,2.0,Pickaxe,True,False,False,False,True,"slab, oak, petrified"
Gravel,0.6,0.6,Shovel,True,True,False,False,False,gravel
Suspicious Gravel,0.25,0.25,Shovel,True,True,False,False,True,"suspicious, gravel"
Sand,0.5,0.5,Shovel,True,True,False,False,False,sand
Suspicious Sand,0.25,0.25,Shovel,True,True,False,False,True,"suspicious, sand"
Sandstone,0.8,0.8,Pickaxe,True,False,False,False,False,"solid, block, sandstone, rock, gray"
Sandstone Slab,6.0,2.0,Pickaxe,True,False,False,False,True,"slab, solid, block, sandstone, rock, gray"
Sandstone Stair,0.8,0.8,Pickaxe,False,False,False,False,True,"solid, block, sandstone, rock, stair, gray"
Sandstone Wall,0.8,0.8,Pickaxe,False,False,False,False,True,"solid, block, sandstone, rock, wall, gray"
Smooth Sandstone,6.0,2.0,Pickaxe,True,False,False,False,False,"solid, block, sandstone, smooth, rock, gray"
Smooth Sandstone Slab,6.0,2.0,Pickaxe,True,False,False,False,True,"slab, solid, block, sandstone, smooth, rock, gray"
Smooth Sandstone Stair,6.0,2.0,Pickaxe,False,False,False,False,True,"solid, block, sandstone, smooth, rock, stair, gray"
Cut Sandstone,0.8,0.8,Pickaxe,True,False,False,False,False,"cut, solid, block, sandstone, rock, gray"
Cut Sandstone Slab,6.0,2.0,Pickaxe,True,False,False,False,True,"cut, slab, solid, block, sandstone, rock, gray"
Chiseled Sandstone,0.8,0.8,Pickaxe,True,False,False,False,False,"chiseled, solid, block, sandstone, rock, gray"
Red Sand,0.5,0.5,Shovel,True,True,False,False,False,"sand, red"
Red Sandstone,0.8,0.8,Pickaxe,True,False,False,False,False,"red, solid, block, sandstone, rock, gray"
Red Sandstone Slab,6.0,2.0,Pickaxe,True,False,False,False,True,"slab, red, solid, block, sandstone, rock, gray"
Red Sandstone Stair,0.8,0.8,Pickaxe,False,False,False,False,True,"red, solid, block, sandstone, rock, stair, gray"
Red Sandstone Wall,0.8,0.8,Pickaxe,False,False,False,False,True,"red, solid, block, sandstone, rock, wall, gray"
Smooth Red Sandstone,6.0,2.0,Pickaxe,True,False,False,False,False,"red, solid, block, sandstone, smooth, rock, gray"
Smooth Red Sandstone Slab,6.0,2.0,Pickaxe,True,False,False,False,True,"slab, red, solid, block, sandstone, smooth, rock, gray"
Smooth Red Sandstone Stair,6.0,2.0,Pickaxe,False,False,False,False,True,"red, solid, block, sandstone, smooth, rock, stair, gray"
Cut Red Sandstone,0.8,0.8,Pickaxe,True,False,False,False,False,"cut, red, solid, block, sandstone, rock, gray"
Cut Red Sandstone Slab,6.0,2.0,Pickaxe,True,False,False,False,True,"cut, slab, red, solid, block, sandstone, rock, gray"
Chiseled Red Sandstone,0.8,0.8,Pickaxe,True,False,False,False,False,"chiseled, red, solid, block, sandstone, rock, gray"
Emerald Ore,3.0,3.0,Pickaxe,True,False,False,False,False,"block, gem, green, emerald, precious, ore"
Deepslate Emerald Ore,3.0,4.5,Pickaxe,True,False,False,False,False,"deepslate, block, gem, green, emerald, precious, ore"
Coal Ore,3.0,3.0,Pickaxe,True,False,False,False,False,"coal, ore"
Deepslate Coal Ore,3.0,4.5,Pickaxe,True,False,False,False,False,"deepslate, coal, ore"
Copper Ore,3.0,3.0,Pickaxe,True,False,False,False,False,"ore, copper"
Deepslate Copper Ore,3.0,4.5,Pickaxe,True,False,False,False,False,"deepslate, ore, copper"
Iron Ore,3.0,3.0,Pickaxe,True,False,False,False,False,"ore, iron"
Deepslate Iron Ore,3.0,4.5,Pickaxe,True,False,False,False,False,"deepslate, ore, iron"
Lapis Lazuli Ore,3.0,3.0,Pickaxe,True,False,False,False,False,"lazuli, ore, lapis"
Deepslate Lapis Lazuli Ore,3.0,4.5,Pickaxe,True,False,False,False,False,"deepslate, lazuli, ore, lapis"
Gold Ore,3.0,3.0,Pickaxe,True,False,False,False,False,"golden, block, yellow, gold, ore"
Deepslate Gold Ore,3.0,4.5,Pickaxe,True,False,False,False,False,"deepslate, golden, block, yellow, gold, ore"
Redstone Ore,3.0,3.0,Pickaxe,True,False,False,False,True,"solid, block, rock, redstone, ore, gray"
Deepslate Redstone Ore,3.0,4.5,Pickaxe,True,False,False,False,True,"deepslate, solid, block, rock, redstone, ore, gray"
Diamond Ore,3.0,3.0,Pickaxe,True,False,False,False,False,"diamond, block, precious, shiny, ore, blue"
Deepslate Diamond Ore,3.0,4.5,Pickaxe,True,False,False,False,False,"deepslate, diamond, block, precious, shiny, ore, blue"
Nether Quartz Ore,3.0,3.0,Pickaxe,True,False,False,False,False,"nether, ore, quartz"
Nether Gold Ore,3.0,3.0,Pickaxe,True,False,False,False,False,"golden, block, nether, yellow, gold, ore"
Ancient Debris,1200.0,30.0,Pickaxe,True,False,False,False,False,"debris, ancient"
Block Of Emerald,6.0,5.0,Pickaxe,True,False,False,False,False,"block, gem, green, emerald, of, precious"
Block Of Coal,6.0,5.0,Pickaxe,True,False,True,True,False,"block, coal, of"
Block Of Raw Copper,6.0,5.0,Pickaxe,True,False,False,False,False,"raw, block, copper, of"
Block Of Copper,6.0,3.0,Pickaxe,True,False,False,False,False,"copper, block, of"
Exposed Block Of Copper,6.0,3.0,Pickaxe,True,False,False,False,False,"copper, block, exposed, of"
Weathered Block Of Copper,6.0,3.0,Pickaxe,True,False,False,False,False,"copper, block, weathered, of"
Oxidized Block Of Copper,6.0,3.0,Pickaxe,True,False,False,False,False,"oxidized, block, copper, of"
Cut Copper,6.0,3.0,Pickaxe,True,False,False,False,False,"cut, copper"
Exposed Cut Copper,6.0,3.0,Pickaxe,True,False,False,False,False,"cut, exposed, copper"
Weathered Cut Copper,6.0,3.0,Pickaxe,True,False,False,False,False,"cut, weathered, copper"
Oxidized Cut Copper,6.0,3.0,Pickaxe,True,False,False,False,False,"oxidized, cut, copper"
Cut Copper Slab,6.0,3.0,Pickaxe,True,False,False,False,True,"cut, slab, copper"
Exposed Cut Copper Slab,6.0,3.0,Pickaxe,True,False,False,False,True,"cut, exposed, slab, copper"
Weathered Cut Copper Slab,6.0,3.0,Pickaxe,True,False,False,False,True,"cut, weathered, slab, copper"
Oxidized Cut Copper Slab,6.0,3.0,Pickaxe,True,False,False,False,True,"oxidized, cut, slab, copper"
Cut Copper Stairs,6.0,3.0,Pickaxe,False,False,False,False,True,"cut, copper, stairs"
Exposed Cut Copper Stairs,6.0,3.0,Pickaxe,False,False,False,False,True,"cut, exposed, copper, stairs"
Weathered Cut Copper Stairs,6.0,3.0,Pickaxe,False,False,False,False,True,"cut, weathered, copper, stairs"
Oxidized Cut Copper Stairs,6.0,3.0,Pickaxe,False,False,False,False,True,"oxidized, cut, copper, stairs"
Chiseled Copper,6.0,3.0,Pickaxe,True,False,False,False,False,"chiseled, copper"
Exposed Chiseled Copper,6.0,3.0,Pickaxe,True,False,False,False,False,"chiseled, exposed, copper"
Weathered Chiseled Copper,6.0,3.0,Pickaxe,True,False,False,False,False,"chiseled, weathered, copper"
Oxidized Chiseled Copper,6.0,3.0,Pickaxe,True,False,False,False,False,"oxidized, chiseled, copper"
Copper Grate,6.0,3.0,Pickaxe,False,False,False,False,True,"grate, copper"
Exposed Copper Grate,6.0,3.0,Pickaxe,False,False,False,False,True,"grate, exposed, copper"
Weathered Copper Grate,6.0,3.0,Pickaxe,False,False,False,False,True,"grate, weathered, copper"
Oxidized Copper Grate,6.0,3.0,Pickaxe,False,False,False,False,True,"oxidized, grate, copper"
Copper Bulb,6.0,3.0,Pickaxe,True,False,False,False,True,"bulb, copper"
Exposed Copper Bulb,6.0,3.0,Pickaxe,True,False,False,False,True,"bulb, exposed, copper"
Weathered Copper Bulb,6.0,3.0,Pickaxe,True,False,False,False,True,"bulb, weathered, copper"
Oxidized Copper Bulb,6.0,3.0,Pickaxe,True,False,False,False,True,"oxidized, bulb, copper"
Copper Door,3.0,3.0,Pickaxe,False,False,False,False,True,"door, copper"
Exposed Copper Door,3.0,3.0,Pickaxe,False,False,False,False,True,"exposed, door, copper"
Weathered Copper Door,3.0,3.0,Pickaxe,False,False,False,False,True,"weathered, door, copper"
Oxidized Copper Door,3.0,3.0,Pickaxe,False,False,False,False,True,"oxidized, door, copper"
Copper Trapdoor,3.0,3.0,Pickaxe,False,False,False,False,True,"copper, trapdoor"
Exposed Copper Trapdoor,3.0,3.0,Pickaxe,False,False,False,False,True,"exposed, copper, trapdoor"
Weathered Copper Trapdoor,3.0,3.0,Pickaxe,False,False,False,False,True,"weathered, copper, trapdoor"
Oxidized Copper Trapdoor,3.0,3.0,Pickaxe,False,False,False,False,True,"oxidized, copper, trapdoor"
Waxed Block Of Copper,6.0,3.0,Pickaxe,True,False,False,False,False,"copper, block, of, waxed"
Waxed Exposed Block Of Copper,6.0,3.0,Pickaxe,True,False,False,False,False,"exposed, copper, waxed, block, of"
Waxed Weathered Block Of Copper,6.0,3.0,Pickaxe,True,False,False,False,False,"copper, waxed, block, of, weathered"
Waxed Oxidized Block Of Copper,6.0,3.0,Pickaxe,True,False,False,False,False,"copper, waxed, block, oxidized, of"
Waxed Cut Copper,6.0,3.0,Pickaxe,True,False,False,False,False,"cut, copper, waxed"
Waxed Exposed Cut Copper,6.0,3.0,Pickaxe,True,False,False,False,False,"cut, exposed, copper, waxed"
Waxed Weathered Cut Copper,6.0,3.0,Pickaxe,True,False,False,False,False,"cut, weathered, copper, waxed"
Waxed Oxidized Cut Copper,6.0,3.0,Pickaxe,True,False,False,False,False,"oxidized, cut, copper, waxed"
Waxed Cut Copper Slab,6.0,3.0,Pickaxe,True,False,False,False,True,"cut, slab, copper, waxed"
Waxed Exposed Cut Copper Slab,6.0,3.0,Pickaxe,True,False,False,False,True,"cut, slab, exposed, copper, waxed"
Waxed Weathered Cut Copper Slab,6.0,3.0,Pickaxe,True,False,False,False,True,"cut, slab, copper, waxed, weathered"
Waxed Oxidized Cut Copper Slab,6.0,3.0,Pickaxe,True,False,False,False,True,"cut, slab, copper, waxed, oxidized"
Waxed Cut Copper Stairs,6.0,3.0,Pickaxe,False,False,False,False,True,"cut, stairs, copper, waxed"
Waxed Exposed Cut Copper Stairs,6.0,3.0,Pickaxe,False,False,False,False,True,"cut, exposed, copper, waxed, stairs"
Waxed Weathered Cut Copper Stairs,6.0,3.0,Pickaxe,False,False,False,False,True,"cut, copper, waxed, weathered, stairs"
Waxed Oxidized Cut Copper Stairs,6.0,3.0,Pickaxe,False,False,False,False,True,"cut, copper, waxed, oxidized, stairs"
Waxed Chiseled Copper,6.0,3.0,Pickaxe,True,False,False,False,False,"chiseled, copper, waxed"
Waxed Exposed Chiseled Copper,6.0,3.0,Pickaxe,True,False,False,False,False,"chiseled, exposed, copper, waxed"
Waxed Weathered Chiseled Copper,6.0,3.0,Pickaxe,True,False,False,False,False,"chiseled, weathered, copper, waxed"
Waxed Oxidized Chiseled Copper,6.0,3.0,Pickaxe,True,False,False,False,False,"oxidized, chiseled, copper, waxed"
Waxed Copper Grate,6.0,3.0,Pickaxe,False,False,False,False,True,"grate, copper, waxed"
Waxed Exposed Copper Grate,6.0,3.0,Pickaxe,False,False,False,False,True,"grate, exposed, copper, waxed"
Waxed Weathered Copper Grate,6.0,3.0,Pickaxe,False,False,False,False,True,"grate, weathered, copper, waxed"
Waxed Oxidized Copper Grate,6.0,3.0,Pickaxe,False,False,False,False,True,"oxidized, grate, copper, waxed"
Waxed Copper Bulb,6.0,3.0,Pickaxe,True,False,False,False,True,"bulb, copper, waxed"
Waxed Exposed Copper Bulb,6.0,3.0,Pickaxe,True,False,False,False,True,"bulb, exposed, copper, waxed"
Waxed Weathered Copper Bulb,6.0,3.0,Pickaxe,True,False,False,False,True,"bulb, weathered, copper, waxed"
Waxed Oxidized Copper Bulb,6.0,3.0,Pickaxe,True,False,False,False,True,"oxidized, bulb, copper, waxed"
Waxed Copper Door,3.0,3.0,Pickaxe,False,False,False,False,True,"door, copper, waxed"
Waxed Exposed Copper Door,3.0,3.0,Pickaxe,False,False,False,False,True,"exposed, door, copper, waxed"
Waxed Weathered Copper Door,3.0,3.0,Pickaxe,False,False,False,False,True,"weathered, door, copper, waxed"
Waxed Oxidized Copper Door,3.0,3.0,Pickaxe,False,False,False,False,True,"oxidized, door, copper, waxed"
Waxed Copper Trapdoor,3.0,3.0,Pickaxe,False,False,False,False,True,"trapdoor, copper, waxed"
Waxed Exposed Copper Trapdoor,3.0,3.0,Pickaxe,False,False,False,False,True,"trapdoor, exposed, copper, waxed"
Waxed Weathered Copper Trapdoor,3.0,3.0,Pickaxe,False,False,False,False,True,"trapdoor, weathered, copper, waxed"
Waxed Oxidized Copper Trapdoor,3.0,3.0,Pickaxe,False,False,False,False,True,"oxidized, trapdoor, copper, waxed"
Block Of Raw Iron,6.0,5.0,Pickaxe,True,False,False,False,False,"raw, block, of, iron"
Block Of Iron,6.0,5.0,Pickaxe,True,False,False,False,False,"block, of, iron"
Iron Door,5.0,5.0,Pickaxe,False,False,False,False,True,"door, iron"
Iron Trapdoor,5.0,5.0,Pickaxe,False,False,False,False,True,"iron, trapdoor"
Heavy Weighted Pressure Plate,0.5,0.5,Pickaxe,False,False,False,False,True,"pressure, heavy, weighted, plate"
Block Of Lapis Lazuli,3.0,3.0,Pickaxe,True,False,False,False,False,"lazuli, block, lapis, of"
Block Of Raw Gold,6.0,5.0,Pickaxe,True,False,False,False,False,"raw, golden, block, yellow, gold, of"
Block Of Gold,6.0,3.0,Pickaxe,True,False,False,False,False,"golden, block, yellow, gold, of"
Light Weighted Pressure Plate,0.5,0.5,Pickaxe,False,False,False,False,True,"pressure, plate, light, weighted"
Redstone Wire,0.0,0.0,,False,False,False,False,True,"solid, wire, block, rock, redstone, gray"
Block Of Redstone,6.0,5.0,Pickaxe,True,False,False,False,False,"solid, block, rock, of, redstone, gray"
Block Of Diamond,6.0,5.0,Pickaxe,True,False,False,False,False,"diamond, block, of, precious, shiny, blue"
Block Of Quartz,0.8,0.8,Pickaxe,True,False,False,False,False,"block, quartz, of"
Quartz Slab,6.0,2.0,Pickaxe,True,False,False,False,True,"slab, quartz"
Quartz Stair,0.8,0.8,Pickaxe,False,False,False,False,True,"stair, quartz"
Smooth Quartz Block,6.0,2.0,Pickaxe,True,False,False,False,False,"block, quartz, smooth"
Smooth Quartz Slab,6.0,2.0,Pickaxe,True,False,False,False,True,"slab, quartz, smooth"
Smooth Quartz Stair,6.0,2.0,Pickaxe,False,False,False,False,True,"stair, quartz, smooth"
Chiseled Quartz Block,0.8,0.8,Pickaxe,True,False,False,False,False,"block, chiseled, quartz"
Quartz Pillar,0.8,0.8,Pickaxe,True,False,False,False,True,"pillar, quartz"
Quartz Bricks,0.8,0.8,Pickaxe,True,False,False,False,False,"bricks, quartz"
Block Of Netherite,1200.0,50.0,Pickaxe,True,False,False,False,False,"block, of, netherite"
Small Amethyst Bud,1.5,1.5,Pickaxe,False,False,False,False,True,"small, bud, amethyst"
Medium Amethyst Bud,1.5,1.5,Pickaxe,False,False,False,False,True,"bud, amethyst, medium"
Large Amethyst Bud,1.5,1.5,Pickaxe,False,False,False,False,True,"large, bud, amethyst"
Amethyst Cluster,1.5,1.5,Pickaxe,False,False,False,False,True,"cluster, amethyst"
Block Of Amethyst,1.5,1.5,Pickaxe,True,False,False,False,False,"amethyst, block, of"
Budding Amethyst,1.5,1.5,Pickaxe,True,False,False,False,False,"budding, amethyst"
Clay,0.6,0.6,Shovel,True,False,False,False,False,clay
Bricks,6.0,2.0,Pickaxe,True,False,False,False,False,bricks
Brick Slab,6.0,2.0,Pickaxe,True,False,False,False,True,"slab, brick"
Brick Stairs,6.0,2.0,Pickaxe,False,False,False,False,True,"brick, stairs"
Brick Wall,6.0,2.0,Pickaxe,False,False,False,False,True,"wall, brick"
Mud,0.5,0.5,Shovel,True,False,False,False,False,mud
Packed Mud,3.0,1.0,Pickaxe,True,False,False,False,False,"mud, packed"
Mud Bricks,3.0,1.5,Pickaxe,True,False,False,False,False,"mud, bricks"
Mud Brick Slab,3.0,1.5,Pickaxe,True,False,False,False,True,"slab, mud, brick"
Mud Brick Stairs,3.0,1.5,Pickaxe,False,False,False,False,True,"mud, brick, stairs"
Mud Brick Wall,3.0,1.5,Pickaxe,False,False,False,False,True,"wall, mud, brick"
Prismarine,6.0,1.5,Pickaxe,True,False,False,False,False,prismarine
Prismarine Slab,6.0,1.5,Pickaxe,True,False,False,False,True,"slab, prismarine"
Prismarine Stairs,6.0,1.5,Pickaxe,False,False,False,False,True,"stairs, prismarine"
Prismarine Wall,6.0,1.5,Pickaxe,False,False,False,False,True,"wall, prismarine"
Prismarine Bricks,6.0,1.5,Pickaxe,True,False,False,False,False,"bricks, prismarine"
Prismarine Brick Slab,6.0,1.5,Pickaxe,True,False,False,False,True,"slab, brick, prismarine"
Prismarine Brick Stairs,6.0,1.5,Pickaxe,False,False,False,False,True,"stairs, brick, prismarine"
Dark Prismarine,6.0,1.5,Pickaxe,True,False,False,False,False,"prismarine, dark"
Dark Prismarine Slab,6.0,1.5,Pickaxe,True,False,False,False,True,"slab, prismarine, dark"
Dark Prismarine Stairs,6.0,1.5,Pickaxe,False,False,False,False,True,"stairs, prismarine, dark"
Sea Lantern,0.3,0.3,,True,False,False,False,False,"sea, lantern"
Sponge,0.6,0.6,Hoe,True,False,False,False,False,sponge
Wet Sponge,0.6,0.6,Hoe,True,False,False,False,False,"wet, sponge"
Snow Block,0.2,0.2,Shovel,True,False,False,False,False,"block, snow"
Snow,0.1,0.1,Shovel,False,False,False,False,True,snow
Powder Snow,0.25,0.25,,False,False,False,False,False,"powder, snow"
Ice,0.5,0.5,Pickaxe,True,False,False,False,False,ice
Packed Ice,0.5,0.5,Pickaxe,True,False,False,False,False,"ice, packed"
Blue Ice,2.8,2.8,Pickaxe,True,False,False,False,False,"ice, blue"
Frosted Ice,0.5,0.5,,True,False,False,False,True,"frosted, ice"
Water,100.0,100.0,,False,False,False,False,True,water
Bubble Column,100.0,100.0,,False,False,False,False,True,"bubble, column"
Lava,100.0,100.0,,False,False,False,False,True,lava
Fire,0.0,0.0,,False,False,False,False,True,fire
Soul Fire,0.0,0.0,,False,False,False,False,True,"soul, fire"
Netherrack,0.4,0.4,Pickaxe,True,False,False,False,False,netherrack
Glowstone,0.3,0.3,,True,False,False,False,False,"solid, block, rock, glowstone, gray"
Shroomlight,1.0,1.0,Hoe,True,False,False,False,False,shroomlight
Magma Block,0.5,0.5,Pickaxe,True,False,False,False,False,"magma, block"
Nether Wart,0.0,0.0,,False,False,False,False,True,"nether, wart"
Nether Bricks,6.0,2.0,Pickaxe,True,False,False,False,False,"nether, bricks"
Nether Brick Slab,6.0,2.0,Pickaxe,True,False,False,False,True,"slab, nether, brick"
Nether Brick Stairs,6.0,2.0,Pickaxe,False,False,False,False,True,"nether, brick, stairs"
Nether Brick Wall,6.0,2.0,Pickaxe,False,False,False,False,True,"wall, nether, brick"
Nether Brick Fence,6.0,2.0,Pickaxe,False,False,False,False,True,"nether, brick, fence"
Chiseled Nether Brick,6.0,2.0,Pickaxe,True,False,False,False,False,"nether, chiseled, brick"
Cracked Nether Brick,6.0,2.0,Pickaxe,True,False,False,False,False,"nether, brick, cracked"
Red Nether Bricks,6.0,2.0,Pickaxe,True,False,False,False,False,"nether, bricks, red"
Red Nether Brick Slab,6.0,2.0,Pickaxe,True,False,False,False,True,"slab, nether, brick, red"
Red Nether Brick Stairs,6.0,2.0,Pickaxe,False,False,False,False,True,"nether, brick, red, stairs"
Red Nether Brick Wall,6.0,2.0,Pickaxe,False,False,False,False,True,"wall, nether, brick, red"
Warped Nylium,0.4,0.4,Pickaxe,True,False,False,False,False,"nylium, warped"
Warped Wart Block,1.0,1.0,Hoe,True,False,False,False,False,"block, wart, warped"
Warped Fungus,0.0,0.0,,False,False,False,False,False,"fungus, warped"
Warped Roots,0.0,0.0,,False,False,False,True,False,"roots, warped"
Nether Sprouts,0.0,0.0,,False,False,False,True,False,"sprouts, nether"
Twisting Vines,0.0,0.0,,False,False,False,False,True,"twisting, vines"
Twisting Vines Plant,0.0,0.0,,False,False,False,False,False,"twisting, plant, vines"
Crimson Nylium,0.4,0.4,Pickaxe,True,False,False,False,False,"crimson, nylium"
Nether Wart Block,1.0,1.0,Hoe,True,False,False,False,False,"block, nether, wart"
Crimson Fungus,0.0,0.0,,False,False,False,False,False,"fungus, crimson"
Crimson Roots,0.0,0.0,,False,False,False,True,False,"roots, crimson"
Weeping Vines,0.0,0.0,,False,False,False,False,True,"weeping, vines"
Weeping Vines Plant,0.0,0.0,,False,False,False,False,False,"weeping, plant, vines"
Basalt,4.2,1.25,Pickaxe,True,False,False,False,True,basalt
Polished Basalt,4.2,1.25,Pickaxe,True,False,False,False,True,"polished, basalt"
Smooth Basalt,4.2,1.25,Pickaxe,True,False,False,False,False,"basalt, smooth"
Soul Sand,0.5,0.5,Shovel,True,False,False,False,False,"soul, sand"
Soul Soil,0.5,0.5,Shovel,True,False,False,False,False,"soul, soil"
Blackstone,6.0,1.5,Pickaxe,True,False,False,False,False,"solid, block, rock, blackstone, gray"
Blackstone Slab,6.0,2.0,Pickaxe,True,False,False,False,True,"slab, solid, block, rock, blackstone, gray"
Blackstone Stairs,6.0,1.5,Pickaxe,False,False,False,False,True,"solid, block, rock, blackstone, gray, stairs"
Blackstone Wall,6.0,1.5,Pickaxe,False,False,False,False,True,"solid, block, rock, wall, blackstone, gray"
Polished Blackstone,6.0,2.0,Pickaxe,True,False,False,False,False,"polished, solid, block, rock, blackstone, gray"
Polished Blackstone Slab,6.0,2.0,Pickaxe,True,False,False,False,True,"polished, slab, solid, block, rock, blackstone, gray"
Polished Blackstone Stairs,6.0,2.0,Pickaxe,False,False,False,False,True,"polished, solid, block, rock, blackstone, gray, stairs"
Polished Blackstone Wall,6.0,2.0,Pickaxe,False,False,False,False,True,"polished, solid, block, blackstone, rock, wall, gray"
Polished Blackstone Bricks,6.0,1.5,Pickaxe,True,False,False,False,False,"polished, solid, block, rock, bricks, blackstone, gray"
Polished Blackstone Brick Slab,6.0,2.0,Pickaxe,True,False,False,False,True,"polished, slab, brick, solid, block, rock, blackstone, gray"
Polished Blackstone Brick Stairs,6.0,1.5,Pickaxe,False,False,False,False,True,"polished, brick, solid, block, rock, blackstone, gray, stairs"
Polished Blackstone Brick Wall,6.0,1.5,Pickaxe,False,False,False,False,True,"polished, brick, solid, block, blackstone, rock, wall, gray"
Cracked Polished Blackstone Bricks,6.0,1.5,Pickaxe,True,False,False,False,False,"polished, solid, block, cracked, rock, bricks, blackstone, gray"
Chiseled Polished Blackstone,6.0,1.5,Pickaxe,True,False,False,False,False,"polished, chiseled, solid, block, rock, blackstone, gray"
Polished Blackstone Pressure Plate,0.5,0.5,Pickaxe,False,False,False,False,True,"polished, pressure, solid, block, rock, blackstone, plate, gray"
Polished Blackstone Button,0.5,0.5,Pickaxe,False,False,False,False,True,"polished, solid, block, rock, button, blackstone, gray"
Gilded Blackstone,6.0,1.5,Pickaxe,True,False,False,False,False,"solid, gilded, block, rock, blackstone, gray"
Obsidian,1200.0,50.0,Pickaxe,True,False,False,False,False,obsidian
Crying Obsidian,1200.0,50.0,Pickaxe,True,False,False,False,False,"obsidian, crying"
End Stone,9.0,3.0,Pickaxe,True,False,False,False,False,"stone, end, solid, block, rock, gray"
End Stone Bricks,9.0,3.0,Pickaxe,True,False,False,False,False,"stone, end, solid, block, rock, bricks, gray"
End Stone Brick Slab,9.0,3.0,Pickaxe,True,False,False,False,True,"stone, slab, end, brick, solid, block, rock, gray"
End Stone Brick Stairs,9.0,3.0,Pickaxe,False,False,False,False,True,"stone, end, brick, solid, block, rock, gray, stairs"
End Stone Brick Wall,9.0,3.0,Pickaxe,False,False,False,False,True,"stone, end, brick, solid, block, rock, wall, gray"
Chorus Flower,0.4,0.4,Axe,False,False,False,False,True,"chorus, flower"
Chorus Plant,0.4,0.4,Axe,False,False,False,False,True,"plant, chorus"
Purpur Block,6.0,1.5,Pickaxe,True,False,False,False,False,"block, purpur"
Purpur Slab,6.0,2.0,Pickaxe,True,False,False,False,True,"slab, purpur"
Purpur Stairs,6.0,1.5,Pickaxe,False,False,False,False,True,"purpur, stairs"
Purpur Pillar,6.0,1.5,Pickaxe,True,False,False,False,True,"pillar, purpur"
White Wool,0.8,0.8,Shears,True,False,True,True,False,"white, wool"
Light Gray Wool,0.8,0.8,Shears,True,False,True,True,False,"gray, light, wool"
Gray Wool,0.8,0.8,Shears,True,False,True,True,False,"gray, wool"
Black Wool,0.8,0.8,Shears,True,False,True,True,False,"black, wool"
Brown Wool,0.8,0.8,Shears,True,False,True,True,False,"brown, wool"
Red Wool,0.8,0.8,Shears,True,False,True,True,False,"red, wool"
Orange Wool,0.8,0.8,Shears,True,False,True,True,False,"orange, wool"
Yellow Wool,0.8,0.8,Shears,True,False,True,True,False,"yellow, wool"
Lime Wool,0.8,0.8,Shears,True,False,True,True,False,"lime, wool"
Green Wool,0.8,0.8,Shears,True,False,True,True,False,"green, wool"
Cyan Wool,0.8,0.8,Shears,True,False,True,True,False,"cyan, wool"
Light Blue Wool,0.8,0.8,Shears,True,False,True,True,False,"blue, light, wool"
Blue Wool,0.8,0.8,Shears,True,False,True,True,False,"blue, wool"
Purple Wool,0.8,0.8,Shears,True,False,True,True,False,"wool, purple"
Magenta Wool,0.8,0.8,Shears,True,False,True,True,False,"magenta, wool"
Pink Wool,0.8,0.8,Shears,True,False,True,True,False,"pink, wool"
White Carpet,0.1,0.1,,False,False,True,True,False,"white, carpet"
Light Gray Carpet,0.1,0.1,,False,False,True,True,False,"gray, light, carpet"
Gray Carpet,0.1,0.1,,False,False,True,True,False,"gray, carpet"
Black Carpet,0.1,0.1,,False,False,True,True,False,"black, carpet"
Brown Carpet,0.1,0.1,,False,False,True,True,False,"brown, carpet"
Red Carpet,0.1,0.1,,False,False,True,True,False,"red, carpet"
Orange Carpet,0.1,0.1,,False,False,True,True,False,"orange, carpet"
Yellow Carpet,0.1,0.1,,False,False,True,True,False,"carpet, yellow"
Lime Carpet,0.1,0.1,,False,False,True,True,False,"lime, carpet"
Green Carpet,0.1,0.1,,False,False,True,True,False,"green, carpet"
Cyan Carpet,0.1,0.1,,False,False,True,True,False,"cyan, carpet"
Light Blue Carpet,0.1,0.1,,False,False,True,True,False,"blue, light, carpet"
Blue Carpet,0.1,0.1,,False,False,True,True,False,"blue, carpet"
Purple Carpet,0.1,0.1,,False,False,True,True,False,"carpet, purple"
Magenta Carpet,0.1,0.1,,False,False,True,True,False,"magenta, carpet"
Pink Carpet,0.1,0.1,,False,False,True,True,False,"pink, carpet"
White Banner,1.0,1.0,Axe,False,False,False,True,True,"banner, white"
Light Gray Banner,1.0,1.0,Axe,False,False,False,True,True,"banner, gray, light"
Gray Banner,1.0,1.0,Axe,False,False,False,True,True,"banner, gray"
Black Banner,1.0,1.0,Axe,False,False,False,True,True,"banner, black"
Brown Banner,1.0,1.0,Axe,False,False,False,True,True,"banner, brown"
Red Banner,1.0,1.0,Axe,False,False,False,True,True,"banner, red"
Orange Banner,1.0,1.0,Axe,False,False,False,True,True,"orange, banner"
Yellow Banner,1.0,1.0,Axe,False,False,False,True,True,"banner, yellow"
Lime Banner,1.0,1.0,Axe,False,False,False,True,True,"banner, lime"
Green Banner,1.0,1.0,Axe,False,False,False,True,True,"green, banner"
Cyan Banner,1.0,1.0,Axe,False,False,False,True,True,"banner, cyan"
Light Blue Banner,1.0,1.0,Axe,False,False,False,True,True,"banner, blue, light"
Blue Banner,1.0,1.0,Axe,False,False,False,True,True,"banner, blue"
Purple Banner,1.0,1.0,Axe,False,False,False,True,True,"banner, purple"
Magenta Banner,1.0,1.0,Axe,False,False,False,True,True,"banner, magenta"
Pink Banner,1.0,1.0,Axe,False,False,False,True,True,"banner, pink"
White Wall Banner,1.0,1.0,Axe,False,False,False,True,True,"wall, banner, white"
Light Gray Wall Banner,1.0,1.0,Axe,False,False,False,True,True,"wall, banner, gray, light"
Gray Wall Banner,1.0,1.0,Axe,False,False,False,True,True,"wall, banner, gray"
Black Wall Banner,1.0,1.0,Axe,False,False,False,True,True,"wall, banner, black"
Brown Wall Banner,1.0,1.0,Axe,False,False,False,True,True,"wall, banner, brown"
Red Wall Banner,1.0,1.0,Axe,False,False,False,True,True,"wall, banner, red"
Orange Wall Banner,1.0,1.0,Axe,False,False,False,True,True,"wall, orange, banner"
Yellow Wall Banner,1.0,1.0,Axe,False,False,False,True,True,"wall, banner, yellow"
Lime Wall Banner,1.0,1.0,Axe,False,False,False,True,True,"wall, banner, lime"
Green Wall Banner,1.0,1.0,Axe,False,False,False,True,True,"green, wall, banner"
Cyan Wall Banner,1.0,1.0,Axe,False,False,False,True,True,"wall, banner, cyan"
Light Blue Wall Banner,1.0,1.0,Axe,False,False,False,True,True,"wall, blue, banner, light"
Blue Wall Banner,1.0,1.0,Axe,False,False,False,True,True,"wall, banner, blue"
Purple Wall Banner,1.0,1.0,Axe,False,False,False,True,True,"wall, banner, purple"
Magenta Wall Banner,1.0,1.0,Axe,False,False,False,True,True,"wall, banner, magenta"
Pink Wall Banner,1.0,1.0,Axe,False,False,False,True,True,"wall, pink, banner"
White Bed,0.2,0.2,,False,False,False,True,True,"white, bed"
Light Gray Bed,0.2,0.2,,False,False,False,True,True,"bed, gray, light"
Gray Bed,0.2,0.2,,False,False,False,True,True,"bed, gray"
Black Bed,0.2,0.2,,False,False,False,True,True,"black, bed"
Brown Bed,0.2,0.2,,False,False,False,True,True,"brown, bed"
Red Bed,0.2,0.2,,False,False,False,True,True,"bed, red"
Orange Bed,0.2,0.2,,False,False,False,True,True,"orange, bed"
Yellow Bed,0.2,0.2,,False,False,False,True,True,"bed, yellow"
Lime Bed,0.2,0.2,,False,False,False,True,True,"lime, bed"
Green Bed,0.2,0.2,,False,False,False,True,True,"green, bed"
Cyan Bed,0.2,0.2,,False,False,False,True,True,"bed, cyan"
Light Blue Bed,0.2,0.2,,False,False,False,True,True,"bed, blue, light"
Blue Bed,0.2,0.2,,False,False,False,True,True,"bed, blue"
Purple Bed,0.2,0.2,,False,False,False,True,True,"bed, purple"
Magenta Bed,0.2,0.2,,False,False,False,True,True,"magenta, bed"
Pink Bed,0.2,0.2,,False,False,False,True,True,"pink, bed"
White Concrete Powder,0.5,0.5,Shovel,True,True,False,False,False,"concrete, powder, white"
Light Gray Concrete Powder,0.5,0.5,Shovel,True,True,False,False,False,"concrete, powder, gray, light"
Gray Concrete Powder,0.5,0.5,Shovel,True,True,False,False,False,"concrete, powder, gray"
Black Concrete Powder,0.5,0.5,Shovel,True,True,False,False,False,"concrete, powder, black"
Brown Concrete Powder,0.5,0.5,Shovel,True,True,False,False,False,"concrete, powder, brown"
Red Concrete Powder,0.5,0.5,Shovel,True,True,False,False,False,"concrete, powder, red"
Orange Concrete Powder,0.5,0.5,Shovel,True,True,False,False,False,"concrete, orange, powder"
Yellow Concrete Powder,0.5,0.5,Shovel,True,True,False,False,False,"concrete, powder, yellow"
Lime Concrete Powder,0.5,0.5,Shovel,True,True,False,False,False,"concrete, powder, lime"
Green Concrete Powder,0.5,0.5,Shovel,True,True,False,False,False,"green, powder, concrete"
Cyan Concrete Powder,0.5,0.5,Shovel,True,True,False,False,False,"concrete, powder, cyan"
Light Blue Concrete Powder,0.5,0.5,Shovel,True,True,False,False,False,"concrete, powder, blue, light"
Blue Concrete Powder,0.5,0.5,Shovel,True,True,False,False,False,"concrete, powder, blue"
Purple Concrete Powder,0.5,0.5,Shovel,True,True,False,False,False,"concrete, powder, purple"
Magenta Concrete Powder,0.5,0.5,Shovel,True,True,False,False,False,"concrete, powder, magenta"
Pink Concrete Powder,0.5,0.5,Shovel,True,True,False,False,False,"concrete, powder, pink"
White Concrete,1.8,1.8,Pickaxe,True,False,False,False,False,"concrete, white"
Light Gray Concrete,1.8,1.8,Pickaxe,True,False,False,False,False,"concrete, gray, light"
Gray Concrete,1.8,1.8,Pickaxe,True,False,False,False,False,"concrete, gray"
Black Concrete,1.8,1.8,Pickaxe,True,False,False,False,False,"concrete, black"
Brown Concrete,1.8,1.8,Pickaxe,True,False,False,False,False,"concrete, brown"
Red Concrete,1.8,1.8,Pickaxe,True,False,False,False,False,"concrete, red"
Orange Concrete,1.8,1.8,Pickaxe,True,False,False,False,False,"concrete, orange"
Yellow Concrete,1.8,1.8,Pickaxe,True,False,False,False,False,"concrete, yellow"
Lime Concrete,1.8,1.8,Pickaxe,True,False,False,False,False,"concrete, lime"
Green Concrete,1.8,1.8,Pickaxe,True,False,False,False,False,"green, concrete"
Cyan Concrete,1.8,1.8,Pickaxe,True,False,False,False,False,"concrete, cyan"
Light Blue Concrete,1.8,1.8,Pickaxe,True,False,False,False,False,"concrete, blue, light"
Blue Concrete,1.8,1.8,Pickaxe,True,False,False,False,False,"concrete, blue"
Purple Concrete,1.8,1.8,Pickaxe,True,False,False,False,False,"concrete, purple"
Magenta Concrete,1.8,1.8,Pickaxe,True,False,False,False,False,"concrete, magenta"
Pink Concrete,1.8,1.8,Pickaxe,True,False,False,False,False,"concrete, pink"
Terracotta,4.2,1.25,Pickaxe,True,False,False,False,False,terracotta
White Terracotta,4.2,1.25,Pickaxe,True,False,False,False,False,"terracotta, white"
Light Gray Terracotta,4.2,1.25,Pickaxe,True,False,False,False,False,"terracotta, gray, light"
Gray Terracotta,4.2,1.25,Pickaxe,True,False,False,False,False,"terracotta, gray"
Black Terracotta,4.2,1.25,Pickaxe,True,False,False,False,False,"terracotta, black"
Brown Terracotta,4.2,1.25,Pickaxe,True,False,False,False,False,"terracotta, brown"
Red Terracotta,4.2,1.25,Pickaxe,True,False,False,False,False,"terracotta, red"
Orange Terracotta,4.2,1.25,Pickaxe,True,False,False,False,False,"orange, terracotta"
Yellow Terracotta,4.2,1.25,Pickaxe,True,False,False,False,False,"terracotta, yellow"
Lime Terracotta,4.2,1.25,Pickaxe,True,False,False,False,False,"terracotta, lime"
Green Terracotta,4.2,1.25,Pickaxe,True,False,False,False,False,"green, terracotta"
Cyan Terracotta,4.2,1.25,Pickaxe,True,False,False,False,False,"terracotta, cyan"
Light Blue Terracotta,4.2,1.25,Pickaxe,True,False,False,False,False,"terracotta, blue, light"
Blue Terracotta,4.2,1.25,Pickaxe,True,False,False,False,False,"terracotta, blue"
Purple Terracotta,4.2,1.25,Pickaxe,True,False,False,False,False,"terracotta, purple"
Magenta Terracotta,4.2,1.25,Pickaxe,True,False,False,False,False,"terracotta, magenta"
Pink Terracotta,4.2,1.25,Pickaxe,True,False,False,False,False,"terracotta, pink"
White Glazed Terracotta,1.4,1.4,Pickaxe,True,False,False,False,True,"terracotta, glazed, white"
Light Gray Glazed Terracotta,1.4,1.4,Pickaxe,True,False,False,False,True,"terracotta, glazed, gray, light"
Gray Glazed Terracotta,1.4,1.4,Pickaxe,True,False,False,False,True,"terracotta, glazed, gray"
Black Glazed Terracotta,1.4,1.4,Pickaxe,True,False,False,False,True,"terracotta, glazed, black"
Brown Glazed Terracotta,1.4,1.4,Pickaxe,True,False,False,False,True,"terracotta, glazed, brown"
Red Glazed Terracotta,1.4,1.4,Pickaxe,True,False,False,False,True,"terracotta, glazed, red"
Orange Glazed Terracotta,1.4,1.4,Pickaxe,True,False,False,False,True,"orange, glazed, terracotta"
Yellow Glazed Terracotta,1.4,1.4,Pickaxe,True,False,False,False,True,"terracotta, glazed, yellow"
Lime Glazed Terracotta,1.4,1.4,Pickaxe,True,False,False,False,True,"terracotta, glazed, lime"
Green Glazed Terracotta,1.4,1.4,Pickaxe,True,False,False,False,True,"green, terracotta, glazed"
Cyan Glazed Terracotta,1.4,1.4,Pickaxe,True,False,False,False,True,"terracotta, glazed, cyan"
Light Blue Glazed Terracotta,1.4,1.4,Pickaxe,True,False,False,False,True,"terracotta, blue, light, glazed"
Blue Glazed Terracotta,1.4,1.4,Pickaxe,True,False,False,False,True,"terracotta, glazed, blue"
Purple Glazed Terracotta,1.4,1.4,Pickaxe,True,False,False,False,True,"terracotta, glazed, purple"
Magenta Glazed Terracotta,1.4,1.4,Pickaxe,True,False,False,False,True,"terracotta, glazed, magenta"
Pink Glazed Terracotta,1.4,1.4,Pickaxe,True,False,False,False,True,"terracotta, pink, glazed"
Glass,0.3,0.3,,False,False,False,False,False,"transparent, block, glass, clear"
White Stained Glass,0.3,0.3,,False,False,False,False,False,"stained, block, clear, transparent, white, glass"
Light Gray Stained Glass,0.3,0.3,,False,False,False,False,False,"glass, stained, light, block, clear, transparent, gray"
Gray Stained Glass,0.3,0.3,,False,False,False,False,False,"stained, block, clear, transparent, gray, glass"
Black Stained Glass,0.3,0.3,,False,False,False,False,False,"stained, block, clear, black, transparent, glass"
Brown Stained Glass,0.3,0.3,,False,False,False,False,False,"stained, block, brown, clear, transparent, glass"
Red Stained Glass,0.3,0.3,,False,False,False,False,False,"stained, red, block, clear, transparent, glass"
Orange Stained Glass,0.3,0.3,,False,False,False,False,False,"orange, stained, block, clear, transparent, glass"
Yellow Stained Glass,0.3,0.3,,False,False,False,False,False,"stained, block, yellow, clear, transparent, glass"
Lime Stained Glass,0.3,0.3,,False,False,False,False,False,"stained, block, lime, clear, transparent, glass"
Green Stained Glass,0.3,0.3,,False,False,False,False,False,"stained, block, clear, green, transparent, glass"
Cyan Staines Glass,0.3,0.3,,False,False,False,False,False,"cyan, block, staines, clear, transparent, glass"
Light Blue Stained Glass,0.3,0.3,,False,False,False,False,False,"glass, stained, light, block, clear, transparent, blue"
Blue Stained Glass,0.3,0.3,,False,False,False,False,False,"stained, block, clear, blue, transparent, glass"
Purple Stained Glass,0.3,0.3,,False,False,False,False,False,"stained, block, clear, transparent, purple, glass"
Magenta Stained Glass,0.3,0.3,,False,False,False,False,False,"magenta, stained, block, clear, transparent, glass"
Pink Stained Glass,0.3,0.3,,False,False,False,False,False,"stained, block, clear, pink, transparent, glass"
Glass Pane,0.3,0.3,,False,False,False,False,True,"pane, block, clear, transparent, glass"
White Stained Glass Pane,0.3,0.3,,False,False,False,False,True,"pane, stained, block, clear, transparent, white, glass"
Light Gray Stained Glass Pane,0.3,0.3,,False,False,False,False,True,"pane, stained, glass, light, block, clear, transparent, gray"
Gray Stained Glass Pane,0.3,0.3,,False,False,False,False,True,"pane, stained, block, clear, transparent, gray, glass"
Black Stained Glass Pane,0.3,0.3,,False,False,False,False,True,"pane, stained, block, clear, black, transparent, glass"
Brown Stained Glass Pane,0.3,0.3,,False,False,False,False,True,"pane, stained, block, brown, clear, transparent, glass"
Red Stained Glass Pane,0.3,0.3,,False,False,False,False,True,"pane, stained, red, block, clear, transparent, glass"
Orange Stained Glass Pane,0.3,0.3,,False,False,False,False,True,"orange, pane, stained, block, clear, transparent, glass"
Yellow Stained Glass Pane,0.3,0.3,,False,False,False,False,True,"pane, stained, block, yellow, clear, transparent, glass"
Lime Stained Glass Pane,0.3,0.3,,False,False,False,False,True,"pane, stained, block, lime, clear, transparent, glass"
Green Stained Glass Pane,0.3,0.3,,False,False,False,False,True,"pane, stained, block, clear, green, transparent, glass"
Cyan Stained Glass Pane,0.3,0.3,,False,False,False,False,True,"cyan, pane, stained, block, clear, transparent, glass"
Light Blue Stained Glass Pane,0.3,0.3,,False,False,False,False,True,"pane, stained, glass, light, block, clear, transparent, blue"
Blue Stained Glass Pane,0.3,0.3,,False,False,False,False,True,"pane, stained, block, clear, blue, transparent, glass"
Purple Stained Glass Pane,0.3,0.3,,False,False,False,False,True,"pane, stained, block, clear, transparent, purple, glass"
Magenta Stained Glass Pane,0.3,0.3,,False,False,False,False,True,"pane, magenta, stained, block, clear, transparent, glass"
Pink Stained Glass Pane,0.3,0.3,,False,False,False,False,True,"pane, stained, block, clear, pink, transparent, glass"
Tinted Glass,0.3,0.3,,False,False,False,False,False,"block, clear, transparent, tinted, glass"
Candle,0.1,0.1,,False,False,False,False,True,candle
White Candle,0.1,0.1,,False,False,False,False,True,"candle, white"
Light Gray Candle,0.1,0.1,,False,False,False,False,True,"candle, gray, light"
Gray Candle,0.1,0.1,,False,False,False,False,True,"candle, gray"
Black Candle,0.1,0.1,,False,False,False,False,True,"candle, black"
Brown Candle,0.1,0.1,,False,False,False,False,True,"candle, brown"
Red Candle,0.1,0.1,,False,False,False,False,True,"candle, red"
Orange Candle,0.1,0.1,,False,False,False,False,True,"candle, orange"
Yellow Candle,0.1,0.1,,False,False,False,False,True,"candle, yellow"
Lime Candle,0.1,0.1,,False,False,False,False,True,"candle, lime"
Green Candle,0.1,0.1,,False,False,False,False,True,"green, candle"
Cyan Candle,0.1,0.1,,False,False,False,False,True,"candle, cyan"
Light Blue Candle,0.1,0.1,,False,False,False,False,True,"candle, blue, light"
Blue Candle,0.1,0.1,,False,False,False,False,True,"candle, blue"
Purple Candle,0.1,0.1,,False,False,False,False,True,"candle, purple"
Magenta Candle,0.1,0.1,,False,False,False,False,True,"candle, magenta"
Pink Candle,0.1,0.1,,False,False,False,False,True,"candle, pink"
Shulker Box,2.0,2.0,Pickaxe,True,False,False,False,True,"box, shulker"
White Shulker Box,2.0,2.0,Pickaxe,True,False,False,False,True,"box, white, shulker"
Light Gray Shulker Box,2.0,2.0,Pickaxe,True,False,False,False,True,"box, gray, light, shulker"
Gray Shulker Box,2.0,2.0,Pickaxe,True,False,False,False,True,"box, gray, shulker"
Black Shulker Box,2.0,2.0,Pickaxe,True,False,False,False,True,"box, black, shulker"
Brown Shulker Box,2.0,2.0,Pickaxe,True,False,False,False,True,"box, brown, shulker"
Red Shulker Box,2.0,2.0,Pickaxe,True,False,False,False,True,"box, red, shulker"
Orange Shulker Box,2.0,2.0,Pickaxe,True,False,False,False,True,"box, orange, shulker"
Yellow Shulker Box,2.0,2.0,Pickaxe,True,False,False,False,True,"box, shulker, yellow"
Lime Shulker Box,2.0,2.0,Pickaxe,True,False,False,False,True,"box, lime, shulker"
Green Shulker Box,2.0,2.0,Pickaxe,True,False,False,False,True,"green, shulker, box"
Cyan Shulker Box,2.0,2.0,Pickaxe,True,False,False,False,True,"box, cyan, shulker"
Light Blue Shulker Box,2.0,2.0,Pickaxe,True,False,False,False,True,"box, blue, light, shulker"
Blue Shulker Box,2.0,2.0,Pickaxe,True,False,False,False,True,"box, blue, shulker"
Purple Shulker Box,2.0,2.0,Pickaxe,True,False,False,False,True,"box, shulker, purple"
Magenta Shulker Box,2.0,2.0,Pickaxe,True,False,False,False,True,"box, magenta, shulker"
Pink Shulker Box,2.0,2.0,Pickaxe,True,False,False,False,True,"box, pink, shulker"
Crafting Table,2.5,2.5,Axe,True,False,False,True,False,"crafting, table"
Furnace,3.5,3.5,Pickaxe,True,False,False,False,True,furnace
Blast Furnace,3.5,3.5,Pickaxe,True,False,False,False,True,"blast, furnace"
Smoker,3.5,3.5,Pickaxe,True,False,False,False,True,smoker
Chest,2.5,2.5,Axe,False,False,False,True,True,chest
Trapped Chest,2.5,2.5,Axe,False,False,False,True,True,"trapped, chest"
Ender Chest,600.0,22.5,Pickaxe,False,False,False,False,True,"chest, ender"
Enchanting Table,1200.0,5.0,Pickaxe,False,False,False,False,False,"enchanting, table"
Anvil,1200.0,5.0,Pickaxe,False,True,False,False,True,anvil
Chipped Anvil,1200.0,5.0,Pickaxe,False,True,False,False,True,"chipped, anvil"
Damaged Anvil,1200.0,5.0,Pickaxe,False,True,False,False,True,"damaged, anvil"
Grindstone,6.0,2.0,Pickaxe,False,False,False,False,True,"solid, grindstone, block, rock, gray"
Stonecutter,3.5,3.5,Pickaxe,False,False,False,False,True,"solid, stonecutter, block, rock, gray"
Barrel,2.5,2.5,Axe,True,False,False,True,True,barrel
Composter,0.6,0.6,Axe,False,False,True,True,True,composter
Loom,2.5,2.5,Axe,True,False,False,True,True,loom
Cartography Table,2.5,2.5,Axe,True,False,False,True,False,"cartography, table"
Smithing Table,2.5,2.5,Axe,True,False,False,True,False,"smithing, table"
Fletching Table,2.5,2.5,Axe,True,False,False,True,False,"fletching, table"
Lectern,2.5,2.5,Axe,False,False,True,True,True,lectern
Jukebox ,6.0,2.0,Axe,True,False,False,True,True,jukebox
Bell,5.0,5.0,Pickaxe,False,False,False,False,True,bell
Brewing Stand,0.5,0.5,Pickaxe,False,False,False,False,True,"stand, brewing"
Cauldron,2.0,2.0,Pickaxe,False,False,False,False,False,cauldron
Water Cauldron,2.0,2.0,Pickaxe,False,False,False,False,True,"water, cauldron"
Lava Cauldron,2.0,2.0,Pickaxe,False,False,False,False,False,"lava, cauldron"
Powder Snow Cauldron,2.0,2.0,Pickaxe,False,False,False,False,True,"powder, snow, cauldron"
Lodestone,3.5,3.5,Pickaxe,True,False,False,False,False,"solid, block, rock, gray, lodestone"
Respawn Anchor,1200.0,50.0,Pickaxe,True,False,False,False,True,"anchor, respawn"
Bee Nest,0.3,0.3,Axe,True,False,True,True,True,"nest, bee"
Beehive,0.6,0.6,Axe,True,False,True,True,True,beehive
Trial Spawner,50.0,50.0,,True,False,False,False,True,"trial, spawner"
Vault,50.0,50.0,,True,False,False,False,True,vault
Heavy Core,30.0,10.0,Pickaxe,False,False,False,False,False,"core, heavy"
Flower Pot,0.0,0.0,,False,False,False,False,False,"pot, flower"
Potted Dandelion,0.0,0.0,,False,False,False,False,False,"potted, dandelion"
Potted Poppy,0.0,0.0,,False,False,False,False,False,"potted, poppy"
Potted Blue Orchid,0.0,0.0,,False,False,False,False,False,"potted, blue, orchid"
Potted Allium,0.0,0.0,,False,False,False,False,False,"potted, allium"
Potted Azure Bluet,0.0,0.0,,False,False,False,False,False,"potted, azure, bluet"
Potted Red Tulip,0.0,0.0,,False,False,False,False,False,"potted, red, tulip"
Potted Orange Tulip,0.0,0.0,,False,False,False,False,False,"potted, orange, tulip"
Potted White Tulip,0.0,0.0,,False,False,False,False,False,"potted, white, tulip"
Potted Pink Tulip,0.0,0.0,,False,False,False,False,False,"potted, pink, tulip"
Potted Oxeye Daisy,0.0,0.0,,False,False,False,False,False,"potted, daisy, oxeye"
Potted Cornflower,0.0,0.0,,False,False,False,False,False,"potted, cornflower"
Potted Lily Of The Valley,0.0,0.0,,False,False,False,False,False,"potted, lily, valley, of, the"
Potted Wither Rose,0.0,0.0,,False,False,False,False,False,"potted, wither, rose"
Potted Oak Sapling,0.0,0.0,,False,False,False,False,False,"potted, sapling, oak"
Potted Birch Sapling,0.0,0.0,,False,False,False,False,False,"sapling, potted, birch"
Potted Spruce Sapling,0.0,0.0,,False,False,False,False,False,"potted, spruce, sapling"
Potted Jungle Sapling,0.0,0.0,,False,False,False,False,False,"jungle, potted, sapling"
Potted Dark Oak Sapling,0.0,0.0,,False,False,False,False,False,"potted, sapling, oak, dark"
Potted Acacia Sapling,0.0,0.0,,False,False,False,False,False,"potted, sapling, acacia"
Potted Mangrove Propagule,0.0,0.0,,False,False,False,False,False,"potted, propagule, mangrove"
Potted Cherry Sapling,0.0,0.0,,False,False,False,False,False,"potted, sapling, cherry"
Potted Fern,0.0,0.0,,False,False,False,False,False,"potted, fern"
Potted Dead Bush,0.0,0.0,,False,False,False,False,False,"potted, dead, bush"
Potted Cactus,0.0,0.0,,False,False,False,False,False,"potted, cactus"
Potted Bamboo,0.0,0.0,,False,False,False,False,False,"potted, bamboo"
Potted Azalea Bush,0.0,0.0,,False,False,False,False,False,"potted, azalea, bush"
Potted Flowering Azalea Bush,0.0,0.0,,False,False,False,False,False,"potted, azalea, flowering, bush"
Potted Torchflower,0.0,0.0,,False,False,False,False,False,"potted, torchflower"
Potted Red Mushroon,0.0,0.0,,False,False,False,False,False,"potted, mushroon, red"
Potted Brown Mushroon,0.0,0.0,,False,False,False,False,False,"potted, mushroon, brown"
Potted Warped Fungus,0.0,0.0,,False,False,False,False,False,"potted, fungus, warped"
Potted Crimson Fungus,0.0,0.0,,False,False,False,False,False,"potted, fungus, crimson"
Potted Warped Roots,0.0,0.0,,False,False,False,False,False,"potted, roots, warped"
Potted Crimson Roots,0.0,0.0,,False,False,False,False,False,"potted, roots, crimson"
Decorated Pot,0.0,0.0,,False,False,False,False,True,"pot, decorated"
Ladder,0.4,0.4,Axe,False,False,False,False,True,ladder
Scaffolding,0.0,0.0,,False,True,True,True,True,scaffolding
Iron Bars,6.0,5.0,Pickaxe,False,False,False,False,True,"bars, iron"
Chain,6.0,5.0,Pickaxe,False,False,False,False,True,chain
Cobweb,4.0,4.0,Sword,False,False,False,False,False,cobweb
Beacon,3.0,3.0,,True,False,False,False,False,beacon
Conduit,3.0,3.0,Pickaxe,False,False,False,False,True,conduit
End Rod,0.0,0.0,,False,False,False,False,True,"rod, end"
Torch,0.0,0.0,,False,False,False,False,True,torch
Wall Torch,0.0,0.0,,False,False,False,False,True,"wall, torch"
Soul Torch,0.0,0.0,,False,False,False,False,True,"soul, torch"
Soul Wall Torch,0.0,0.0,,False,False,False,False,True,"soul, wall, torch"
Lantern,3.5,3.5,Pickaxe,False,False,False,False,True,lantern
Soul Lantern,3.5,3.5,Pickaxe,False,False,False,False,True,"soul, lantern"
Campfire,2.0,2.0,Axe,False,False,False,True,True,campfire
Soul Campfire,2.0,2.0,Axe,False,False,False,True,True,"soul, campfire"
Redstone Torch,0.0,0.0,,False,False,False,False,True,"solid, block, rock, torch, redstone, gray"
Redstone Wall Torch,0.0,0.0,,False,False,False,False,True,"solid, block, rock, wall, redstone, torch, gray"
Redstone Repeater,0.0,0.0,,False,False,False,False,True,"solid, repeater, block, rock, redstone, gray"
Redstone Comparator,0.0,0.0,,False,False,False,False,True,"solid, block, comparator, rock, redstone, gray"
Lever,0.5,0.5,,False,False,False,False,True,lever
Hopper,4.8,3.0,Pickaxe,False,False,False,False,True,hopper
Observer,3.0,3.0,Pickaxe,True,False,False,False,True,observer
Dispenser,3.5,3.5,Pickaxe,True,False,False,False,True,dispenser
Dropper,3.5,3.5,Pickaxe,True,False,False,False,True,dropper
Crafter,3.5,1.5,Pickaxe,True,False,False,False,True,crafter
Piston,0.5,1.5,Pickaxe,True,False,False,False,True,piston
Sticky Piston,0.5,1.5,Pickaxe,True,False,False,False,True,"piston, sticky"
Piston Head,0.5,1.5,Pickaxe,False,False,False,False,True,"head, piston"
Moving Piston,0.0,0.0,,False,False,False,False,True,"moving, piston"
Note Block,0.8,0.8,Axe,True,False,False,True,True,"block, note"
TNT,0.0,0.0,,True,False,True,True,True,tnt
Redstone Lamp,0.3,0.3,,True,False,False,False,True,"solid, block, rock, lamp, redstone, gray"
Daylight Detector,0.2,0.2,Axe,False,False,False,True,True,"detector, daylight"
Tripwire Hook,0.0,0.0,,False,False,False,False,True,"hook, tripwire"
Tripwire,0.0,0.0,,False,False,False,False,True,tripwire
Lightning Rod,6.0,3.0,Pickaxe,False,False,False,False,True,"rod, lightning"
Target,0.5,0.5,Hoe,True,False,True,True,True,target
Rail,0.7,0.7,Pickaxe,False,False,False,False,True,rail
Powered Rail,0.7,0.7,Pickaxe,False,False,False,False,True,"rail, powered"
Detector Rail,0.7,0.7,Pickaxe,False,False,False,False,True,"detector, rail"
Activator Rail,0.7,0.7,Pickaxe,False,False,False,False,True,"activator, rail"
Sculk Vein,0.2,0.2,Hoe,False,False,False,False,True,"vein, sculk"
Sculk,0.2,0.2,Hoe,True,False,False,False,False,sculk
Sculk Sensor,1.5,1.5,Hoe,False,False,False,False,True,"sensor, sculk"
Calibrated Sculk Sensor,1.5,1.5,Hoe,False,False,False,False,True,"calibrated, sensor, sculk"
Sculk Catalyst,3.0,3.0,Hoe,True,False,False,False,True,"catalyst, sculk"
Sculk Shrieker,3.0,3.0,Hoe,False,False,False,False,True,"shrieker, sculk"
Red Mushroom,0.0,0.0,,False,False,False,False,False,"mushroom, red"
Brown Mushroom,0.0,0.0,,False,False,False,False,False,"mushroom, brown"
Red Mushroom Block,0.2,0.2,Axe,True,False,False,True,True,"mushroom, red, block"
Brown Mushroom Block,0.2,0.2,Axe,True,False,False,True,True,"mushroom, brown, block"
Mushroom Stem,0.2,0.2,Axe,True,False,False,True,True,"mushroom, stem"
Oak Sapling,0.0,0.0,,False,False,False,False,True,"sapling, oak"
Birch Sapling,0.0,0.0,,False,False,False,False,True,"sapling, birch"
Spruce Sapling,0.0,0.0,,False,False,False,False,True,"spruce, sapling"
Jungle Sapling,0.0,0.0,,False,False,False,False,True,"jungle, sapling"
Dark Oak Sapling,0.0,0.0,,False,False,False,False,True,"sapling, oak, dark"
Acacia Sapling,0.0,0.0,,False,False,False,False,True,"sapling, acacia"
Mangrove Propagule,0.0,0.0,,False,False,False,False,True,"propagule, mangrove"
Cherry Sapling,0.0,0.0,,False,False,False,False,True,"sapling, cherry"
Oak Leaves,0.2,0.2,Shears/Hoe/Sword,False,False,True,True,True,"oak, leaves"
Birch Leaves,0.2,0.2,Shears/Hoe/Sword,False,False,True,True,True,"birch, leaves"
Spruce Leaves,0.2,0.2,Shears/Hoe/Sword,False,False,True,True,True,"spruce, leaves"
Jungle Leaves,0.2,0.2,Shears/Hoe/Sword,False,False,True,True,True,"jungle, leaves"
Dark Oak Leaves,0.2,0.2,Shears/Hoe/Sword,False,False,True,True,True,"oak, leaves, dark"
Acacia Leaves,0.2,0.2,Shears/Hoe/Sword,False,False,True,True,True,"leaves, acacia"
Mangrove Leaves,0.2,0.2,Shears/Hoe/Sword,False,False,True,True,True,"leaves, mangrove"
Cherry Leaves,0.2,0.2,Shears/Hoe/Sword,False,False,True,True,True,"leaves, cherry"
Azalea Leaves,0.2,0.2,Shears/Hoe/Sword,False,False,True,True,True,"azalea, leaves"
Flowering Azalea Leaves,0.2,0.2,Shears/Hoe/Sword,False,False,True,True,True,"azalea, flowering, leaves"
Dandelion,0.0,0.0,,False,False,True,True,False,dandelion
Poppy,0.0,0.0,,False,False,True,True,False,poppy
Blue Orchid,0.0,0.0,,False,False,True,True,False,"blue, orchid"
Allium,0.0,0.0,,False,False,True,True,False,allium
Azure Bluet,0.0,0.0,,False,False,True,True,False,"azure, bluet"
Red Tulip,0.0,0.0,,False,False,True,True,False,"red, tulip"
Orange Tulip,0.0,0.0,,False,False,True,True,False,"orange, tulip"
White Tulip,0.0,0.0,,False,False,True,True,False,"white, tulip"
Pink Tulip,0.0,0.0,,False,False,True,True,False,"pink, tulip"
Oxeye Daisy,0.0,0.0,,False,False,True,True,False,"daisy, oxeye"
Cornflower,0.0,0.0,,False,False,True,True,False,cornflower
Lily Of The Valley,0.0,0.0,,False,False,True,True,False,"lily, the, of, valley"
Wither Rose,0.0,0.0,,False,False,True,True,False,"wither, rose"
Sunflower,0.0,0.0,,False,False,True,True,True,sunflower
Peony,0.0,0.0,,False,False,True,True,True,peony
Lilac,0.0,0.0,,False,False,True,True,True,lilac
Rose Bush,0.0,0.0,,False,False,True,True,True,"bush, rose"
Pink Petals,0.0,0.0,,False,False,True,False,True,"pink, petals"
Short Grass,0.0,0.0,,False,False,True,True,False,"short, grass, block, green, plant, natural"
Tall Grass,0.0,0.0,,False,False,True,True,True,"grass, tall, block, green, plant, natural"
Fern,0.0,0.0,,False,False,True,True,False,fern
Large Fern,0.0,0.0,,False,False,True,True,True,"fern, large"
Vines,0.2,0.2,Shears/Axe,False,False,True,True,True,vines
Lily Pad,0.0,0.0,,False,False,False,False,False,"lily, pad"
Dead Bush,0.0,0.0,,False,False,True,True,False,"dead, bush"
Cactus,0.4,0.4,,False,False,False,False,True,cactus
Sugarcane,0.0,0.0,,False,False,False,False,True,sugarcane
Bamboo,1.0,1.0,Sword/Axe,False,False,True,True,True,bamboo
Bamboo Shoot,0.0,0.0,,False,False,False,True,False,"bamboo, shoot"
Sweet Berry Bush,0.0,0.0,,False,False,True,True,True,"sweet, berry, bush"
Cave Vines,0.0,0.0,,False,False,True,False,True,"cave, vines"
Cave Vines Plant,0.0,0.0,,False,False,True,False,True,"cave, plant, vines"
Moss Block,0.1,0.1,Hoe,True,False,False,False,False,"moss, block"
Moss Carpet,0.1,0.1,,False,False,False,False,False,"moss, carpet"
Small Dripleaf,0.0,0.0,,False,False,True,True,True,"small, dripleaf"
Big Dripleaf,0.1,0.1,Axe,False,False,True,True,True,"big, dripleaf"
Big Dripleaf Stem,0.1,0.1,Axe,False,False,True,True,True,"big, stem, dripleaf"
Azalea,0.0,0.0,,False,False,True,True,False,azalea
Flowering Azalea,0.0,0.0,,False,False,True,True,False,"azalea, flowering"
Spore Blossom,0.0,0.0,,False,False,True,True,False,"spore, blossom"
Hanging Roots,0.0,0.0,,False,False,True,True,False,"hanging, roots"
Mangrove Roots,0.7,0.7,Axe,False,False,True,True,True,"roots, mangrove"
Muddy Mangrove Roots,0.7,0.7,Shovel,True,False,False,False,True,"mangrove, roots, muddy"
Glow Lichen,0.2,0.2,Axe/Shears/Sword,False,False,False,False,True,"glow, lichen"
Seagrass,0.0,0.0,,False,False,False,False,False,"block, green, seagrass, plant, natural"
Tall Seagrass,0.0,0.0,,False,False,False,False,True,"tall, block, green, seagrass, plant, natural"
Sea Pickle,0.0,0.0,,False,False,False,False,True,"pickle, sea"
Kelp,0.0,0.0,,False,False,False,False,True,kelp
Kelp Plant,0.0,0.0,,False,False,False,False,False,"kelp, plant"
Dried Kelp Block,2.5,0.5,Hoe,True,False,True,True,False,"kelp, dried, block"
Tube Coral Block,6.0,1.5,Pickaxe,True,False,False,False,False,"tube, coral, block"
Brain Coral Block,6.0,1.5,Pickaxe,True,False,False,False,False,"block, brain, coral"
Bubble Coral Block,6.0,1.5,Pickaxe,True,False,False,False,False,"bubble, block, coral"
Fire Coral Block,6.0,1.5,Pickaxe,True,False,False,False,False,"block, fire, coral"
Horn Coral Block,6.0,1.5,Pickaxe,True,False,False,False,False,"horn, coral, block"
Dead Tube Coral Block,6.0,1.5,Pickaxe,True,False,False,False,False,"dead, coral, tube, block"
Dead Brain Coral Block,6.0,1.5,Pickaxe,True,False,False,False,False,"dead, brain, coral, block"
Dead Bubble Coral Block,6.0,1.5,Pickaxe,True,False,False,False,False,"bubble, dead, coral, block"
Dead Fire Coral Block,6.0,1.5,Pickaxe,True,False,False,False,False,"dead, fire, coral, block"
Dead Horn Coral Block,6.0,1.5,Pickaxe,True,False,False,False,False,"dead, coral, horn, block"
Tube Coral,0.0,0.0,,False,False,False,False,True,"tube, coral"
Brain Coral,0.0,0.0,,False,False,False,False,True,"brain, coral"
Bubble Coral,0.0,0.0,,False,False,False,False,True,"bubble, coral"
Fire Coral,0.0,0.0,,False,False,False,False,True,"fire, coral"
Horn Coral,0.0,0.0,,False,False,False,False,True,"horn, coral"
Dead Tube Coral,0.0,0.0,,False,False,False,False,True,"dead, coral, tube"
Dead Brain Coral,0.0,0.0,,False,False,False,False,True,"dead, brain, coral"
Dead Bubble Coral,0.0,0.0,,False,False,False,False,True,"bubble, dead, coral"
Dead Fire Coral,0.0,0.0,,False,False,False,False,True,"dead, fire, coral"
Dead Horn Coral,0.0,0.0,,False,False,False,False,True,"dead, coral, horn"
Tube Coral Fan,0.0,0.0,,False,False,False,False,True,"tube, coral, fan"
Brain Coral Fan,0.0,0.0,,False,False,False,False,True,"brain, coral, fan"
Bubble Coral Fan,0.0,0.0,,False,False,False,False,True,"bubble, coral, fan"
Fire Coral Fan,0.0,0.0,,False,False,False,False,True,"fire, coral, fan"
Horn Coral Fan,0.0,0.0,,False,False,False,False,True,"horn, coral, fan"
Tube Coral Wall Fan,0.0,0.0,,False,False,False,False,True,"wall, tube, coral, fan"
Brain Coral Wall Fan,0.0,0.0,,False,False,False,False,True,"wall, brain, coral, fan"
Bubble Coral Wall Fan,0.0,0.0,,False,False,False,False,True,"bubble, wall, coral, fan"
Fire Coral Wall Fan,0.0,0.0,,False,False,False,False,True,"wall, fire, coral, fan"
Horn Coral Wall Fan,0.0,0.0,,False,False,False,False,True,"wall, horn, coral, fan"
Dead Tube Coral Fan,0.0,0.0,,False,False,False,False,True,"dead, coral, tube, fan"
Dead Brain Coral Fan,0.0,0.0,,False,False,False,False,True,"dead, brain, coral, fan"
Dead Bubble Coral Fan,0.0,0.0,,False,False,False,False,True,"bubble, dead, coral, fan"
Dead Fire Coral Fan,0.0,0.0,,False,False,False,False,True,"dead, fire, coral, fan"
Dead Horn Coral Fan,0.0,0.0,,False,False,False,False,True,"dead, coral, horn, fan"
Dead Tube Coral Wall Fan,0.0,0.0,,False,False,False,False,True,"coral, tube, dead, fan, wall"
Dead Brain Coral Wall Fan,0.0,0.0,,False,False,False,False,True,"coral, dead, fan, wall, brain"
Dead Bubble Coral Wall Fan,0.0,0.0,,False,False,False,False,True,"coral, bubble, dead, fan, wall"
Dead Fire Coral Wall Fan,0.0,0.0,,False,False,False,False,True,"coral, fire, dead, fan, wall"
Dead Horn Coral Wall Fan,0.0,0.0,,False,False,False,False,True,"coral, dead, fan, wall, horn"
Torchflower Crop,0.0,0.0,,False,False,False,False,True,"crop, torchflower"
Torchflower,0.0,0.0,,False,False,True,True,False,torchflower
Pitcher Crop,0.0,0.0,,False,False,False,False,True,"pitcher, crop"
Pitcher Plant,0.0,0.0,,False,False,True,True,True,"plant, pitcher"
Wheat,0.0,0.0,,False,False,False,False,True,wheat
Hay Bale,0.5,0.5,Hoe,True,False,True,True,True,"hay, bale"
Beetroots,0.0,0.0,,False,False,False,False,True,beetroots
Carrots,0.0,0.0,,False,False,False,False,True,carrots
Potatoes,0.0,0.0,,False,False,False,False,True,potatoes
Pumpkin Stem,0.0,0.0,,False,False,False,False,True,"stem, pumpkin"
Attached Pumpkin Stem,0.0,0.0,,False,False,False,False,True,"attached, pumpkin, stem"
Pumpkin,1.0,1.0,Axe,True,False,False,False,False,pumpkin
Carved Pumpkin,1.0,1.0,Axe,True,False,False,False,True,"carved, pumpkin"
Jack O' Lantern,1.0,1.0,Axe,True,False,False,False,True,"lantern, o', jack"
Melon Stem,0.0,0.0,,False,False,False,False,True,"melon, stem"
Attached Melon Stem,0.0,0.0,,False,False,False,False,True,"melon, attached, stem"
Melon,1.0,1.0,Axe,True,False,False,False,False,melon
Cocoa,3.0,0.2,Axe,False,False,False,False,True,cocoa
Cake,0.5,0.5,,False,False,False,False,True,cake
Candle Cake,0.5,0.5,,False,False,False,False,True,"candle, cake"
White Candle Cake,0.5,0.5,,False,False,False,False,True,"candle, white, cake"
Light Gray Candle Cake,0.5,0.5,,False,False,False,False,True,"candle, gray, light, cake"
Gray Candle Cake,0.5,0.5,,False,False,False,False,True,"candle, gray, cake"
Black Candle Cake,0.5,0.5,,False,False,False,False,True,"candle, black, cake"
Brown Candle Cake,0.5,0.5,,False,False,False,False,True,"candle, brown, cake"
Red Candle Cake,0.5,0.5,,False,False,False,False,True,"candle, red, cake"
Orange Candle Cake,0.5,0.5,,False,False,False,False,True,"candle, orange, cake"
Yellow Candle Cake,0.5,0.5,,False,False,False,False,True,"candle, yellow, cake"
Lime Candle Cake,0.5,0.5,,False,False,False,False,True,"candle, lime, cake"
Green Candle Cake,0.5,0.5,,False,False,False,False,True,"green, candle, cake"
Cyan Candle Cake,0.5,0.5,,False,False,False,False,True,"candle, cyan, cake"
Light Blue Candle Cake,0.5,0.5,,False,False,False,False,True,"candle, blue, light, cake"
Blue Candle Cake,0.5,0.5,,False,False,False,False,True,"candle, blue, cake"
Purple Candle Cake,0.5,0.5,,False,False,False,False,True,"candle, cake, purple"
Magenta Candle Cake,0.5,0.5,,False,False,False,False,True,"candle, magenta, cake"
Pink Candle Cake,0.5,0.5,,False,False,False,False,True,"candle, pink, cake"
Frogspawn,0.0,0.0,,False,False,False,False,False,frogspawn
Turtle Egg,0.5,0.5,,False,False,False,False,True,"turtle, egg"
Sniffer Egg,0.5,0.5,,False,False,False,False,True,"egg, sniffer"
Honey Block,0.0,0.0,,False,False,False,False,False,"block, honey"
Honeycomb Block,0.6,0.6,,True,False,False,False,False,"honeycomb, block"
Slime Block,0.0,0.0,,True,False,False,False,False,"block, slime"
Pearlescent Froglight,0.3,0.3,,True,False,False,False,True,"froglight, pearlescent"
Verdant Froglight,0.3,0.3,,True,False,False,False,True,"froglight, verdant"
Ochre Froglight,0.3,0.3,,True,False,False,False,True,"ochre, froglight"
Bone Block,2.0,2.0,Pickaxe,True,False,False,False,True,"block, bone"
Player Head,1.0,1.0,,False,False,False,False,True,"player, head"
Player Wall Head,1.0,1.0,,False,False,False,False,True,"wall, player, head"
Wither Skeleton Skull,1.0,1.0,,False,False,False,False,True,"skeleton, wither, skull"
Wither Skeleton Wall Skull,1.0,1.0,,False,False,False,False,True,"wall, skeleton, wither, skull"
Zombie Head,1.0,1.0,,False,False,False,False,True,"zombie, head"
Zombie Wall Head,1.0,1.0,,False,False,False,False,True,"wall, zombie, head"
Skeleton Skull,1.0,1.0,,False,False,False,False,True,"skeleton, skull"
Skeleton Wall Skull,1.0,1.0,,False,False,False,False,True,"wall, skeleton, skull"
Creeper Head,1.0,1.0,,False,False,False,False,True,"creeper, head"
Creeper Wall Head,1.0,1.0,,False,False,False,False,True,"wall, creeper, head"
Piglin Head,1.0,1.0,,False,False,False,False,True,"piglin, head"
Piglin Wall Head,1.0,1.0,,False,False,False,False,True,"wall, piglin, head"
Dragon Head,1.0,1.0,,False,False,False,False,True,"dragon, head"
Dragon Wall Head,1.0,1.0,,False,False,False,False,True,"dragon, wall, head"
Dragon Egg,9.0,3.0,,False,True,False,False,False,"dragon, egg"
Bookshelf,1.5,1.5,Axe,True,False,True,True,False,bookshelf
Chiseled Bookshelf,1.5,1.5,Axe,True,False,False,False,True,"chiseled, bookshelf"
Command Block,3600000.0,-1.0,,True,False,False,False,True,"command, block"
Chain Command Block,3600000.0,-1.0,,True,False,False,False,True,"command, chain, block"
Repeating Command Block,3600000.0,-1.0,,True,False,False,False,True,"command, repeating, block"
Structure Block,3600000.0,-1.0,,True,False,False,False,True,"block, structure"
Jigsaw Block,3600000.0,-1.0,,True,False,False,False,True,"block, jigsaw"
Structure Void,0.0,0.0,,False,False,False,False,False,"void, structure"
Barrier,3600000.8,-1.0,,True,False,False,False,False,barrier
Light,3600000.8,-1.0,,False,False,False,False,True,light
Bedrock,3600000.0,-1.0,,True,False,False,False,False,bedrock
End Portal Frame,3600000.0,-1.0,,False,False,False,False,True,"portal, end, frame"
End Portal,3600000.0,-1.0,,False,False,False,False,False,"portal, end"
End Gateway,3600000.0,-1.0,,False,False,False,False,False,"end, gateway"
Nether Portal,0.0,-1.0,,False,False,False,False,True,"portal, nether"
Monster Spawner,5.0,5.0,Pickaxe,True,False,False,False,False,"monster, spawner"
